content_hash,file_path,file_type,file_size,modified_ts,indexed_at,last_error
4c37848fdac051688d5ce589c02360dbeae97140740d4bcbe51090102491ac82,Z:\ScanOriginal\20211018_175821_Raven_Scan.pdf,pdf,2591492,1634598055,2026-07-26 19:11:42,
85c9f7ce474276c317f3f088e6343a2bf4ba93b11a9ffc4d0df92d545d1d8019,Z:\ScanOriginal\20231209_162001_Raven_Scan.pdf,pdf,922914,1702156828,2026-07-26 19:11:56,
4d2711fff4ed782b740089d722412bd78b1efc3579bb41eef3be296b2a6e1096,Z:\ScanOriginal\linux-commands-handbook.pdf,pdf,14824851,1664159250,2026-07-26 19:11:57,
cdf398803bfc8616ba3a98ed2292a96339bad0a6e1660f24540c660ea0c4785d,Z:\ScanOriginal\20221027_093423_Raven_Scan.pdf,pdf,337471,1666877692,2026-07-26 19:11:58,
16e3dbf07f1722a127978806443c008ecf843488935edb846e532630cec00932,Z:\ScanOriginal\jpeg20230926_100959_Raven_Scan_1.pdf,pdf,241029,1706493714,2026-07-26 19:11:58,
cef69a84c675a33117f63ea3f899ac8002e5fbdd50e184199453ee3f6c778c38,Z:\ScanOriginal\pdf414701_Xiaoning_Yang_2022-05-14_folio_08a69d5a-71bf-442b-9ddb-494de4435e20.pdf,pdf,5677022,1706490557,2026-07-26 19:11:58,
7cb79c568e8ebe7bbf10c35fb08059bda9665ca1f2ed5c8466dce7fa165dcdd9,Z:\ScanOriginal\pdf414701_Xiaoning_Yang_all_q2_q3.pdf,pdf,1029570,1706490568,2026-07-26 19:11:58,
06f5aeadd44f078f66db815d1e9e7bd55e3a0deb9a56100269db308404d82974,Z:\ScanOriginal\pdf2851275 Ontario Ltd. June 30 2023 - T183CORP signed.pdf,pdf,101180,1706490577,2026-07-26 19:11:58,
311ac3c3fe10adacfce8d121ee9b2472ff61d17dca2157ad97927aab8f5cdee8,Z:\ScanOriginal\pdf2851275 Ontario Ltd. June 30 2023 - T183CORP.pdf,pdf,86408,1706490583,2026-07-26 19:11:58,
309714830bcb0340156815d55a674e620ac0d3802d2b72f9ef2b6d682512d78e,Z:\ScanOriginal\pdf2851275 Ontario Ltd. Year end June 30 2023.pdf,pdf,713996,1706490598,2026-07-26 19:11:58,
2a75ec46eb544c424ade75dac43c3fcad2eb8451031928d2cb2df029ba504e4c,Z:\ScanOriginal\pdf20210715_215812_Raven_Scan.pdf,pdf,933264,1706490610,2026-07-26 19:11:58,
bbd446198409559cc2aabc9b40c18d5ef7e94dd455e3deccf13f682b80d00411,Z:\ScanOriginal\pdf20210720_180735_Raven_Scan.pdf,pdf,490104,1706490618,2026-07-26 19:11:58,
5a30ea6abb03ac3b9d7f43ed6deb3cadea0bafbb2d112d1b66b6e8b0ee798161,Z:\ScanOriginal\pdf20210720_181126_Raven_Scan.pdf,pdf,3583518,1706490653,2026-07-26 19:11:58,
a99886f5b7ac64a3b6367e11b32f393dbb51b5dc6b1acec274a580ec7bcd15c9,Z:\ScanOriginal\pdf20210725_173019_Raven_Scan.pdf,pdf,551852,1706490665,2026-07-26 19:11:58,
7d45cbcfbf3cf6ffe6884f58e0cf5458e75def1bb78c94dab1d03d3f89256cf5,Z:\ScanOriginal\pdf20210730_173732_Raven_Scan.pdf,pdf,85366,1706490686,2026-07-26 19:11:58,
6ae8ba1d4b339dd8e471d3cd678e23f707c421096f3e442a148c4c545c84d4c6,Z:\ScanOriginal\pdf20210811_184720_Raven_Scan.pdf,pdf,999596,1706490707,2026-07-26 19:11:58,
7f370691ca528cdc85e935a6e5551781a2a0dc0d1b30292ec3429508aa6612f5,Z:\ScanOriginal\pdf20210819_122154_Raven_Scan.pdf,pdf,380352,1706490728,2026-07-26 19:11:59,
5bc670d4049c2976044595d00b1c144165ef61293ad505e32d2edcbfcefac265,Z:\ScanOriginal\pdf20210825_205700_Raven_Scan.pdf,pdf,207300,1706490739,2026-07-26 19:11:59,
44df891da6705bb3a88ea7f0a02a44c46577e821a7a0d3d64199c863f4c76910,Z:\ScanOriginal\pdf20210825_205931_Raven_Scan.pdf,pdf,201966,1706490754,2026-07-26 19:11:59,
c511336e2c7644191334d2fdd0a11edb3f1fbf138f4b71e7e4ebab536c869c9d,Z:\ScanOriginal\pdf20210826_122415_Raven_Scan.pdf,pdf,154780,1706490766,2026-07-26 19:11:59,
a24fe24f32480c09f5c3b8f75b89ae9fc09719a97de62e2a252b6e0ff85e2703,Z:\ScanOriginal\pdf20210909_181936_Raven_Scan.pdf,pdf,133477,1706490773,2026-07-26 19:11:59,
b55f0e33fe1ab3f275128333c8283381b29fd8d4482c602ecf8a3da8834990a7,Z:\ScanOriginal\pdf20210914_172638_Raven_Scan.pdf,pdf,94182,1706490780,2026-07-26 19:11:59,
2cd2919b24bd870e7e1c2838a1c4124a4696099ea36bbdc06b19bcaf3a6b6100,Z:\ScanOriginal\pdf20210916_134543_Raven_Scan.pdf,pdf,563842,1706490788,2026-07-26 19:11:59,
a1257d880f198728a4e22912fce9438efa8ee78cef1f0ad52e85536e1e611f56,Z:\ScanOriginal\pdf20210916_134605_Raven_Scan.pdf,pdf,560246,1706490797,2026-07-26 19:11:59,
0687d6fc929e32dee14e0def63cb85fbbd2b24c4df17087addf563156adc827b,Z:\ScanOriginal\pdf20210923_183357_Raven_Scan.pdf,pdf,260616,1706490812,2026-07-26 19:11:59,
bfa394f132595e0d69d3eb450ba603858b0f1fb1ae8839dda2a24fa16069b334,Z:\ScanOriginal\pdf20210925_091303_Raven_Scan.pdf,pdf,215825,1706490830,2026-07-26 19:11:59,
e16ffaf009229f3cb099d1efbcd9af6760e7d100ed330297d6040a169b276268,Z:\ScanOriginal\pdf20210928_122422_Raven_Scan.pdf,pdf,100361,1706490838,2026-07-26 19:11:59,
df57520f2194a2767ca7aa7a7c0c312ad183c16507763f80540d19042f876ac8,Z:\ScanOriginal\pdf20211026_173637_Raven_Scan.pdf,pdf,214462,1706490864,2026-07-26 19:11:59,
74efb8b914669818bb546860215023639485b3427f047aa8e3ddfc40b340ad7f,Z:\ScanOriginal\pdf20211028_122226_Raven_Scan.pdf,pdf,189091,1706490873,2026-07-26 19:11:59,
ff4e6af685d1a0d13046a52a3e0dd59f87bb9d1faa9a3e3f8b15453030a35bac,Z:\ScanOriginal\pdf20211121_130027_Raven_Scan.pdf,pdf,211636,1706490889,2026-07-26 19:11:59,
4ef9116021c41a9faef5744f86bb75ea486fa723ee4abd4db629e0b1268eae6d,Z:\ScanOriginal\pdf20211123_113409_Raven_Scan.pdf,pdf,127455,1706490898,2026-07-26 19:11:59,
65c321d3d8bdf8946f5f3e8fc3cd4def5875e40ea5789a7d147c390da65a769e,Z:\ScanOriginal\pdf20211208_083526_Raven_Scan.pdf,pdf,1144259,1706490917,2026-07-26 19:11:59,
160ff615ec7ee49d76d30b9a4dc614c87a2a099bf35742b49e208f69c4189863,Z:\ScanOriginal\pdf20211208_083843_Raven_Scan.pdf,pdf,718585,1706490936,2026-07-26 19:11:59,
a463c442605666c27d1f419bb44dd437d2aca79a7fa271ac4c150804572cb154,Z:\ScanOriginal\pdf20211222_172053_Raven_Scan.pdf,pdf,518182,1706490948,2026-07-26 19:11:59,
721e4eb1dfffe0c3f0101c3cdae0e1281f5bab52b50c5a4b0499b4088fe5f8dc,Z:\ScanOriginal\pdf20220126_094714_Raven_Scan.pdf,pdf,656624,1706490959,2026-07-26 19:11:59,
6241c72027d329f76e3556aa8c3889eae41f83c4b89c0846af359605fa323c5f,Z:\ScanOriginal\pdf20220126_095114_Raven_Scan.pdf,pdf,630609,1706490970,2026-07-26 19:11:59,
67cb16d2dab8142ec47344a8a12830bc18f6a43b3d56d21f3695919b055f0cfc,Z:\ScanOriginal\pdf20220126_095437_Raven_Scan.pdf,pdf,771555,1706490980,2026-07-26 19:11:59,
381dd921a111e3ae4c41d431145a304c26553ea655d42bd8c9a5d4513b354d9c,Z:\ScanOriginal\pdf20220126_102507_Raven_Scan.pdf,pdf,1583970,1706490996,2026-07-26 19:11:59,
2d26155b81f9becca20798fd6d3e3deb0e00a1f40da198df4aaab49295de5940,Z:\ScanOriginal\pdf20220126_191720_Raven_Scan.pdf,pdf,280562,1706491020,2026-07-26 19:11:59,
e80497597a163dc3784f733ba62f0e2e01b96550567ab52fa2625b7d68db52c1,Z:\ScanOriginal\pdf20220212_195826_Raven_Scan.pdf,pdf,157855,1706491031,2026-07-26 19:11:59,
8346c54b2e7c10f118d8f7678d78bc4147edfa50a1da5302c1bd4de8bf52d6b1,Z:\ScanOriginal\pdf20220212_195927_Raven_Scan.pdf,pdf,410051,1706491047,2026-07-26 19:11:59,
15be0886d5117a0d3826906ea68033120ea5e12852421d92ff9ace5afc99a2d0,Z:\ScanOriginal\pdf20220220_104333_Raven_Scan.pdf,pdf,127756,1706491055,2026-07-26 19:11:59,
f07b30a0e9b1431f8d3e4c7a120725af1aff1bb4162673f913cf0036c7dffb99,Z:\ScanOriginal\pdf20220225_142934_Raven_Scan.pdf,pdf,145046,1706491064,2026-07-26 19:11:59,
a14d41183e01eb377b179e859361c79974e01c8032af0ed3658cab4643b1d4e0,Z:\ScanOriginal\pdf20220225_143102_Raven_Scan.pdf,pdf,154700,1706491073,2026-07-26 19:11:59,
48e0dcfd2a4e2d31de832c847bf4b95ed23a64ee1ea8eb545f3ad1dc06bda02e,Z:\ScanOriginal\pdf20220225_182211_Raven_Scan.pdf,pdf,141190,1706491081,2026-07-26 19:11:59,
daa654c79b97629c666536cb62f849e561bcc90b65dc165b9e11c5679869f8a6,Z:\ScanOriginal\pdf20220225_182312_Raven_Scan.pdf,pdf,150618,1706491089,2026-07-26 19:11:59,
fb8b8fee7372b1433227e35d373a11b5386a1022cfef4e8d84ff3d6659d8d63c,Z:\ScanOriginal\pdf20220227_180442_Raven_Scan.pdf,pdf,235790,1706491106,2026-07-26 19:11:59,
20a4876c3a6d50fb781ce2cdfda14b89989f082da93448dae5e1aae1245489be,Z:\ScanOriginal\pdf20220316_085800_Raven_Scan.pdf,pdf,364217,1706491133,2026-07-26 19:11:59,
e0a896b85b1987096b5887b788fdde185adbb557c65fcec9a7c70b223d055ff0,Z:\ScanOriginal\pdf20220326_184658_Raven_Scan.pdf,pdf,222182,1706491154,2026-07-26 19:11:59,
997a3f352a04c65d609676dab38a1fee25aabb62b92b968c81a173a79122530e,Z:\ScanOriginal\pdf20220618_084108_Raven_Scan.pdf,pdf,192350,1706491165,2026-07-26 19:11:59,
f4a8e3e8170cb8b500e2d61f01aaec6028fc6b8423180e090e5e2bf443c51700,Z:\ScanOriginal\pdf20220619_162449_Raven_Scan.pdf,pdf,171980,1706491172,2026-07-26 19:11:59,
fe8bff77bcd496e0265ea9bbacf38094a92471d4b63234d279d769ad4fd11097,Z:\ScanOriginal\pdf20220624_093037_Raven_Scan.pdf,pdf,675367,1706491183,2026-07-26 19:11:59,
b6b40f82d93f01b446f95313c46eb5826f90f4f0d77d75cc9c0f8dbdf22e7111,Z:\ScanOriginal\pdf20220707_150640_Raven_Scan.pdf,pdf,85857,1706491190,2026-07-26 19:11:59,
6df84fc6aa442e7a800358b28ba8206279ca43f2be99dd032eb95c2f35bc9636,Z:\ScanOriginal\pdf20220717_151404_Raven_Scan.pdf,pdf,721238,1706491203,2026-07-26 19:11:59,
510e1608c70fd10d09ba6ff3a22cf0cecf87cf465d8a5315eaff079a3d7cb767,Z:\ScanOriginal\pdf20220717_151535_Raven_Scan.pdf,pdf,528644,1706491212,2026-07-26 19:11:59,
8bc04220e4bd72bb0e788898ddc10551f3f3224a18f420759af8b6a0f50396cd,Z:\ScanOriginal\pdf20220717_151611_Raven_Scan.pdf,pdf,128531,1706491219,2026-07-26 19:11:59,
47720e52bb23137a028da5fa14c98eb087b9af91c4becc4ddc9d20b4f9f42908,Z:\ScanOriginal\pdf20220717_151640_Raven_Scan.pdf,pdf,127637,1706491227,2026-07-26 19:11:59,
ea2c805068213454f9cc7cbd697ed1e094512dbfea18f2abe12f776ba5f14611,Z:\ScanOriginal\pdf20220731_124033_Raven_Scan.pdf,pdf,145295,1706491236,2026-07-26 19:11:59,
f33f0adafe525709cf6a6f2fd11c3c651db1ae1cf0af056aad0744d1b86eb22e,Z:\ScanOriginal\pdf20220811_143630_Raven_Scan.pdf,pdf,81914,1706491243,2026-07-26 19:11:59,
1d46af97dfb0670e945b2152ac96e2fce95dbd92310d934b0a9d41092b9defc1,Z:\ScanOriginal\pdf20220813_164631_Raven_Scan.pdf,pdf,82747,1706491249,2026-07-26 19:11:59,
434e665f2d13ca2b5d8d8e4f40256a10cea00d78a669aae61b3fa033934ad9f1,Z:\ScanOriginal\pdf20220813_171150_Raven_Scan.pdf,pdf,193194,1706491260,2026-07-26 19:11:59,
1545fbbf99081086fe65487f552e2e04d23ea39e1aebc922b1f968e371dbdfd9,Z:\ScanOriginal\pdf20220813_175842_Raven_Scan.pdf,pdf,241511,1706491277,2026-07-26 19:11:59,
e6d24b6ffdedf9efdab8d5bd895b92510dc002e08cc2bf7ae8eb0e64a5a2ece1,Z:\ScanOriginal\pdf20220820_162928_Raven_Scan.pdf,pdf,269895,1706491290,2026-07-26 19:11:59,
9763c64cecce2c12a1bc498473518872639b2b1d9bab692b958b8fd0116d0306,Z:\ScanOriginal\pdf20220826_124608_Raven_Scan.pdf,pdf,101856,1706491298,2026-07-26 19:11:59,
013b90d85c791032ae6c5403475fd01924f0bd0cb03c822d6ecd358dcb1d9889,Z:\ScanOriginal\pdf20220831_135243_Raven_Scan.pdf,pdf,429244,1706491323,2026-07-26 19:11:59,
d2f6b655831769b753b550e3bacd5a94a103087a76418a608322fd83a5698058,Z:\ScanOriginal\pdf20220912_104358_Raven_Scan.pdf,pdf,86636,1706491331,2026-07-26 19:11:59,
615b8b9a3d461c4ca198a72c3accc9374f730a718416c7b2bade7c65dca5c442,Z:\ScanOriginal\pdf20220912_123720_Raven_Scan.pdf,pdf,144140,1706491342,2026-07-26 19:11:59,
46d92f8fb4e7d48999ec1646d81c000a3f65043a96cbd8e3be9bedfec1401146,Z:\ScanOriginal\pdf20220912_123948_Raven_Scan.pdf,pdf,171811,1706491359,2026-07-26 19:11:59,
458a0576dfcfd0936a0968d831d9692b18a24110c3af43e7c941f2d0dba0fe3d,Z:\ScanOriginal\pdf20220917_142331_Raven_Scan.pdf,pdf,120677,1706491368,2026-07-26 19:11:59,
3f3c0e0f63db2d33b0609a1e2ea14897a33d35b2f3ae3973978f52c5e7fe4f0a,Z:\ScanOriginal\pdf20220917_142723_Raven_Scan.pdf,pdf,110463,1706491376,2026-07-26 19:11:59,
b768352e3589cb95a908faa217683c225854dd52337908347457d2535cfe0400,Z:\ScanOriginal\pdf20220917_142851_Raven_Scan.pdf,pdf,246525,1706491387,2026-07-26 19:11:59,
227c3aba5639c29cf796b2607c8636added7acb0b8a7d8da2397071838a9dc9f,Z:\ScanOriginal\pdf20220920_081350_Raven_Scan.pdf,pdf,161391,1706491396,2026-07-26 19:11:59,
ca47cb967fec051bedfa400438be32eecfc1959097c13e6b65451b00a1559b76,Z:\ScanOriginal\pdf20220925_214135_Raven_Scan.pdf,pdf,186577,1706491405,2026-07-26 19:11:59,
31b9dd09c305155b9fea10dca9b0db083d6f4e3b984e3387d6b8b59b2b6b0be2,Z:\ScanOriginal\pdf20221101_082651_Raven_Scan.pdf,pdf,1515838,1706491431,2026-07-26 19:11:59,
80667c35f16dea46e59f2e90a88eb44e427eae33979305e808372db3997f2f9a,Z:\ScanOriginal\pdf20221104_192839_Raven_Scan.pdf,pdf,716300,1706491445,2026-07-26 19:11:59,
d0e48d2e40ecf3ef6acaa374c4cd927480004d59ab2055ad823127bff8032a2b,Z:\ScanOriginal\pdf20221129_112634_Raven_Scan.pdf,pdf,391741,1706491457,2026-07-26 19:11:59,
24b6c8c322a9b4321f8a72ec71b353fe0f42f1cb3f2b4703b93fcffa6a583dba,Z:\ScanOriginal\pdf20221201_172823_Raven_Scan.pdf,pdf,234729,1706491473,2026-07-26 19:11:59,
64587ce1bd462578720a6e2ab6c48a13fb0fc36deef8528b48f6c94548d6a93c,Z:\ScanOriginal\pdf20221218_161436_Raven_Scan.pdf,pdf,103568,1706491479,2026-07-26 19:11:59,
ad5f1a208747bbefb0d2afb611577dba1c970c5c68470991eaa49c237f224e19,Z:\ScanOriginal\pdf20221227_225936_Raven_Scan.pdf,pdf,226041,1706491499,2026-07-26 19:11:59,
53162aa455e94d04cfc66bfb43d33022b5a00220734672c145885d8dec1ec867,Z:\ScanOriginal\pdf20230124_170540_Raven_Scan.pdf,pdf,203531,1706491510,2026-07-26 19:11:59,
4a3659aff1eb1481c5dd2f734948a8e013f2f628368cb7e5b185d2c6b8c78032,Z:\ScanOriginal\pdf20230130_095408_Raven_Scan.pdf,pdf,280851,1706491527,2026-07-26 19:11:59,
0c23fd19972de8de09d70d4e03ea3638f964dcf1429beff4f273b3f0f72ccdf5,Z:\ScanOriginal\pdf20230215_114106_Raven_Scan.pdf,pdf,373715,1706491545,2026-07-26 19:11:59,
2d28343a3da506763de222b008a56f4f2542f42c4d858352e7b659fcb2d3d33d,Z:\ScanOriginal\pdf20230221_104526_Raven_Scan.pdf,pdf,1139493,1706491558,2026-07-26 19:11:59,
03f8fc90ad381c262e15e759ae108b6972e93a6774fc24b4c2f7fef471d34f73,Z:\ScanOriginal\pdf20230227_142448_Raven_Scan.pdf,pdf,230329,1706491593,2026-07-26 19:11:59,
00fe38d2d3c83e8382bcd5f76116c8abb71f9c40dd8d03d87bb1f7ded34133ee,Z:\ScanOriginal\pdf20230302_162346_Raven_Scan.pdf,pdf,1185548,1706491609,2026-07-26 19:11:59,
b9f2e8f7da6594f38a91f5ea00309432b20ca91c3f1fc2588397fbd0227e25bf,Z:\ScanOriginal\pdf20230302_162841_Raven_Scan.pdf,pdf,999774,1706491628,2026-07-26 19:11:59,
ca99a0a27f38571c2f9b8cdc446d2ac3c618e06269d588d8e8dcbfade6410551,Z:\ScanOriginal\pdf20230302_163824_Raven_Scan.pdf,pdf,140683,1706491637,2026-07-26 19:11:59,
d60238362af9729746f35f1ae146ab33bce8896bf764713c8818875bcd4a09f1,Z:\ScanOriginal\pdf20230325_162749_Raven_Scan.pdf,pdf,213582,1706491656,2026-07-26 19:11:59,
0e1196e594a7541812856dbd8770b21679ba57242fc67441a502b88004f993b9,Z:\ScanOriginal\pdf20230325_173634_Raven_Scan.pdf,pdf,221840,1706491669,2026-07-26 19:11:59,
d068f8ae270b2163ded46ee5d5fff48119111e49424bad9c3673a7f86cf24988,Z:\ScanOriginal\pdf20230327_131224_Raven_Scan.pdf,pdf,158657,1706491687,2026-07-26 19:11:59,
4651488d89693ffd5b0e2187d1a672514cad9beb288bbb6d0ca6656a0b483235,Z:\ScanOriginal\pdf20230415_190752_Raven_Scan.pdf,pdf,136454,1706491695,2026-07-26 19:11:59,
cf892dc4a21f6e47cd428fce660606cf20709618f149d36ce879ffd9e117ff8d,Z:\ScanOriginal\pdf20230415_190903_Raven_Scan.pdf,pdf,132627,1706491703,2026-07-26 19:11:59,
9f13a9dece5477d4b57939341dcda9ba9a0dce96a95a569499629739b51d3403,Z:\ScanOriginal\pdf20230418_145144_Raven_Scan.pdf,pdf,217281,1706491715,2026-07-26 19:11:59,
d61c7a2774f7a4d34932118a14958e24d7c3f8647fb22e4eaf29e124ddcb7059,Z:\ScanOriginal\pdf20230524_221157_Raven_Scan.pdf,pdf,139500,1706491724,2026-07-26 19:11:59,
39b42d6b268602c5a47b26f8decdb5939753989ce007bea1c542711248f529e6,Z:\ScanOriginal\pdf20230604_122736_Raven_Scan.pdf,pdf,53224,1706491730,2026-07-26 19:11:59,
6ea6e1696c78327ea477419175acd8d836c24dba2772971f2c109e162a9835a1,Z:\ScanOriginal\pdf20230606_095800_Raven_Scan.pdf,pdf,268462,1706491741,2026-07-26 19:11:59,
9b7ffd1ae2c603998bff8d93ab792bb4d2654ad65f194868164d20ea02b6ad9e,Z:\ScanOriginal\pdf20230629_202908_Raven_Scan.pdf,pdf,231783,1706491762,2026-07-26 19:11:59,
8487638130b98440f52403cc126b17847f85c5771ed0ae8310827f0740e343e7,Z:\ScanOriginal\pdf20230706_202416_Raven_Scan.pdf,pdf,125772,1706491770,2026-07-26 19:11:59,
72e966e2f55f9bebdf99fec49ad709b690b0caaef511f5c07b79e6c5e751bc4c,Z:\ScanOriginal\pdf20230706_202437_Raven_Scan.pdf,pdf,163495,1706491781,2026-07-26 19:11:59,
306a1300e47024793d9b7d658b23b5372654b6cc5cdd4ddc159339e22fb04199,Z:\ScanOriginal\pdf20230706_202735_Raven_Scan.pdf,pdf,218199,1706491792,2026-07-26 19:11:59,
e411a26aea6ef98d8364b055c0b2e14c3cbec04dce33ef70e26ace6b433b25ad,Z:\ScanOriginal\pdf20230719_103046_Raven_Scan.pdf,pdf,135146,1706491799,2026-07-26 19:11:59,
3b9b0daeca717089169b808462ebb8edbad466ed6ea4cee743ba001ef2349a3c,Z:\ScanOriginal\pdf20230721_140656_Raven_Scan.pdf,pdf,209729,1706491809,2026-07-26 19:11:59,
be6ae1e8cca16e958d4e6b85be690800deda4fec4472ccb6c71c44320d10c9b7,Z:\ScanOriginal\pdf20230731_210510_Raven_Scan.pdf,pdf,236813,1706491828,2026-07-26 19:11:59,
51e949eac9d40b4eb90b553f75cb545584e2dcd87e4b16a4d683e07f27f6b238,Z:\ScanOriginal\pdf20230802_205246_Raven_Scan.pdf,pdf,200176,1706491840,2026-07-26 19:11:59,
9d586396eee2794e6157d32f83ff4d35d8b7bc096eaf0602a6fc364d6799309f,Z:\ScanOriginal\pdf20230804_101711_Raven_Scan.pdf,pdf,84790,1706491846,2026-07-26 19:11:59,
6861e64b5dce3ca42d4a597c8c86e63b232be28479053c1db66aabaeff628f0f,Z:\ScanOriginal\pdf20230820_095424_Raven_Scan.pdf,pdf,334961,1706491860,2026-07-26 19:11:59,
78afe5e8c5ab2c428b171df0efacd45c5e35cc35d5f284883a8a90f5de2bc29e,Z:\ScanOriginal\pdf20230820_100717_Raven_Scan.pdf,pdf,766810,1706491880,2026-07-26 19:11:59,
9b39f80b2236bf6e5abfbc0bb572d252f5e8ed243bc9381700c2b288ace1e07f,Z:\ScanOriginal\pdf20230827_155647_Raven_Scan.pdf,pdf,104108,1706491886,2026-07-26 19:11:59,
fab108afcd1dc5c040047a78bc589eb1831aed276b84521241896c1fbd99348e,Z:\ScanOriginal\pdf20230904_141641_Raven_Scan.pdf,pdf,177702,1706491895,2026-07-26 19:11:59,
83aca256e55fa562957a7b42cd18c4f4686fa83d23a13b59f2cc37889603c2cc,Z:\ScanOriginal\pdf20230912_145658_Raven_Scan.pdf,pdf,247439,1706491906,2026-07-26 19:11:59,
27395c02a369bae54facaad5400cee083ca5571a016e8405c3c35f1732141252,Z:\ScanOriginal\pdf20230915_173307_Raven_Scan.pdf,pdf,2465366,1706491918,2026-07-26 19:11:59,
b56a3159b8675970148da4ab089c30adf77004250c7741812a4b8d201d76f26d,Z:\ScanOriginal\pdf20230916_204744_Raven_Scan.pdf,pdf,257448,1706491928,2026-07-26 19:12:00,
b928d9af1abe20c78b3483ce1e1c365cea1e15a507cd667553f0c36778d687dc,Z:\ScanOriginal\pdf20230921_161823_Raven_Scan.pdf,pdf,226374,1706491936,2026-07-26 19:12:00,
46cc334134a291dbd7811ca535a71ad3a519d705e86312f7d7d261ab008d942c,Z:\ScanOriginal\pdf20231126_113426_Raven_Scan.pdf,pdf,216152,1706491948,2026-07-26 19:12:00,
c9c4618e209221c37ef5407ec9fa423c75c2b03996cbce309214718f2d3b9b7e,Z:\ScanOriginal\pdf20231209_162001_Raven_Scan.pdf,pdf,283130,1706491961,2026-07-26 19:12:00,
3428012e3b5ce4e306238b6f120dc10ce93b22a75a18d7db9cb7b57a6dafd5ed,Z:\ScanOriginal\pdf20240107_110339_Raven_Scan.pdf,pdf,241764,1706491978,2026-07-26 19:12:00,
4268c45dd0a1c95aa01c3a4fcc370724443347cc487381d5136ce7cd14f30633,Z:\ScanOriginal\pdf22123868_082021.pdf,pdf,3821622,1706491997,2026-07-26 19:12:00,
fb73ba30db82c1259c6776d12408197cee47e0f2f171c35ac8318338cab3a679,Z:\ScanOriginal\pdf800171169 - Inforce Illustration Mia Life Insurance .pdf,pdf,2230787,1706492010,2026-07-26 19:12:00,
0dcae7021bd970c0e388b66ee8b993d476e98e12a81042e59085dde0ea8d0c30,Z:\ScanOriginal\pdf800171169 - Statement Mia Life Insurance .pdf,pdf,434450,1706492017,2026-07-26 19:12:00,
6daf9cf02a6df9cd7bce3ecfb42680b1aaed26346bc8b1111e9665b5a9ea09fc,Z:\ScanOriginal\pdf7645260647c31a8ea6bce6714252dec3.pdf,pdf,3925276,1706492055,2026-07-26 19:12:00,
18d605095115525a8d60a3c95d61943c47ef1665a0bda35a87bf8ac029542f21,Z:\ScanOriginal\pdfAuthorization letter to Sunny Xiaoning Yang July 19 2021.pdf,pdf,358280,1706492062,2026-07-26 19:12:00,
58a5f531d48c78b1636933adb4050fc11a145d236f17001ed6221921367fa84b,Z:\ScanOriginal\pdfBP.pdf,pdf,383431,1706492076,2026-07-26 19:12:00,
dbb9f0e2cfac7de466f8d654e4e28e16c0f2b58ff1f15bd1227d865b37b1533d,Z:\ScanOriginal\pdfBusiness Account Application and Agreement CIBC Aug 1st 2021.pdf,pdf,332484,1706492093,2026-07-26 19:12:00,
b4bf707a24d4163e15d0d08199d58d1b1c6584eaab44b2cd03033c2e90b30ca0,Z:\ScanOriginal\pdfBusiness Number Summary of accounts BN 790433304 Ivan Yang.pdf,pdf,328652,1706492101,2026-07-26 19:12:00,
cf0947ee2dd22c17e0eaf17aeaf3844dad7dddf0bafdc749ef62cd11556b95df,Z:\ScanOriginal\pdfClimate_action_incentive_payment_notice_2022_06_25_11_15_29_140225.pdf,pdf,107320,1706492105,2026-07-26 19:12:00,
d7bdf516300e3a4f700fa8a749a0ff5acb405fd17491a15e78a125543e0b7f4c,Z:\ScanOriginal\pdfcombinedPDF-2023-04-17.08.30.16.pdf,pdf,4854467,1706492148,2026-07-26 19:12:00,
5dcfcf8f6e1d1dc01e3972ae1da6744c6efc6259f1132a93dbd91e966ab68173,Z:\ScanOriginal\pdfCorporation_notice_of_assessment_2022_09_14_00_26_13_853283.pdf,pdf,112336,1706492155,2026-07-26 19:12:00,
478453626a45dc69adbb9dbac69fdb66e16d6348dee969d619a8d725631a7fe0,Z:\ScanOriginal\pdfDec Approval TRCA.pdf,pdf,8765939,1706492203,2026-07-26 19:12:00,
bd88f90738e92e712059415e8b536263465a88bebd2d968879ff538306513894,Z:\ScanOriginal\pdfDec Drawing blueprint.pdf,pdf,11680989,1706492254,2026-07-26 19:12:00,
db1c9019ba2753abe45eac2800a2aa2fd6fb232850c6f5f196c18c43d0bc4e2c,Z:\ScanOriginal\pdfEncounter-2023-04-17.08.29.52.pdf,pdf,319838,1706492262,2026-07-26 19:12:00,
6e6a2db6a29e45a2da3ddb62c480aedbf137d9dd86e992bee9b7dfb9a4bd1e4b,Z:\ScanOriginal\pdfForm 3 signed Xiaoning Yang Aug 5th 2021 .pdf,pdf,90092,1706492269,2026-07-26 19:12:00,
3bb541c8173e77bae31129724dc90a1ca190a3849123b7947b48875af1e96f20,Z:\ScanOriginal\pdfForm 3.1 Spouse consent signed Xiaoning Yang Aug 5th 2021.pdf,pdf,83286,1706492278,2026-07-26 19:12:00,
eeb0c286f0bac231d3c9ef04590bcbe0e08752ce317e2fe2b57240673e51f8c9,Z:\ScanOriginal\pdfHUILING_LI_2013-01-18 05_01_41_MultiLabReport.pdf,pdf,8351120,1706492303,2026-07-26 19:12:00,
cba8bcf9c259dd09505313b091b1c70d2ab3ee2de3f75726524519a3915ca2ea,Z:\ScanOriginal\pdfICoD Payment and Processing_ UPS - Canada.pdf,pdf,492056,1706492310,2026-07-26 19:12:00,
2b7585bf01e65bb9e6c8a25bdfd73c442e5dc185ef6c0e7413096e00b761dc5a,Z:\ScanOriginal\pdfIvan Yang tax year  2021 RBC DIRECT INVESTING INC._RBC PLACEMENTS EN DIRECT INC._ORIGINAL_T5_1.pdf,pdf,1288019,1706492328,2026-07-26 19:12:00,
5cb9000e90c465a2eb02fb53968159613a34e6c50328bcc0f06ac3e86453828a,Z:\ScanOriginal\pdfIvan Yang Tax year 2021 taxInformationSlips.pdf,pdf,318352,1706492339,2026-07-26 19:12:00,
fec03de153123f2eb88b970c909fab01141c3e35c2b869c37e6d097543ec01f3,Z:\ScanOriginal\pdfLI- HUI LING (1).pdf,pdf,538217,1706492347,2026-07-26 19:12:00,
f993163120fc5b1d76d89cf74418eab02d0a89cdc3a74c72b08627ace8e6c4f7,Z:\ScanOriginal\pdfLI- HUI LING (2).pdf,pdf,541476,1706492356,2026-07-26 19:12:00,
c25f766c376014da415bbbcd140a12b0f5e52824a108700ea2647448ae85211b,Z:\ScanOriginal\pdfLI- HUI LING.pdf,pdf,526145,1706492364,2026-07-26 19:12:00,
94753b6d7f0d43bfde5a301c6498e6f987c5b06e7af4506ab420675bb233861e,Z:\ScanOriginal\pdflinux-commands-handbook.pdf,pdf,19272401,1706492460,2026-07-26 19:12:00,
011c1dbe341ce7306e81d9d042fe24524bead9ff88f99e1bd9c3384ace177751,"Z:\ScanOriginal\pdfLI-V910,345-7 Jan 2024 Xiaoning Statement.pdf",pdf,622886,1706492469,2026-07-26 19:12:00,
64461cd557110236ca0f0ae78b77403c8025f942fc18677be54e53ed5daef5b0,Z:\ScanOriginal\pdfmemberStatementDetails 2021yr.pdf,pdf,1584640,1706492481,2026-07-26 19:12:00,
b75d3aa000fd764bbd2f7e18ed9f0eddd850fd61cf91edb4b99f4cde2331780a,Z:\ScanOriginal\pdfmemberStatementDetails.pdf,pdf,815178,1706492489,2026-07-26 19:12:01,
07391a3a9d45dabd4c53cc586c87a7fd95febd499cc4545d063de96ac4222e88,Z:\ScanOriginal\pdfMia Liuyi Yang Equitable Contract.pdf,pdf,2296807,1706492586,2026-07-26 19:12:01,
68bf2550d8ad1b1472dbb364e40e23151b8662b6bf7a985915b66c89a0560591,Z:\ScanOriginal\pdfnew contract with Raise July 11th 2022 signed.pdf,pdf,884356,1706492602,2026-07-26 19:12:01,
6bbc3b391a93337af4be0c810f8a26444c91e5c220ea17f320438e36a8162cce,Z:\ScanOriginal\pdfNotice_of_assessment_2019_06_17_09_17_03_034978.pdf,pdf,114418,1706492611,2026-07-26 19:12:01,
7be88492da4fde4c2f049a1297e4ef00837e0c4b7db38ff63450cb0c7f9b463a,Z:\ScanOriginal\pdfNotice_of_assessment_2019_06_17_09_17_03_044188.pdf,pdf,108338,1706492616,2026-07-26 19:12:01,
a0599849347612740dba0404ef4fbccd2db11084ca8aad424a8b941fb7b9c733,Z:\ScanOriginal\pdfNotice_of_assessment_2021_03_15_15_48_04_200898.pdf,pdf,130480,1706492621,2026-07-26 19:12:01,
d2af5ae62aa6ecd51090e817b83c90334d1de24359c1ffd14b8f8df2fee0b72f,Z:\ScanOriginal\pdfNotice_of_assessment_2022_03_21_10_47_11_655456.pdf,pdf,142109,1706492627,2026-07-26 19:12:01,
f5fa686ddbf000188b4facc2908456bb58415e3a0535418497c2868675b95dbb,Z:\ScanOriginal\pdfNotice_of_assessment_2022_06_27_06_05_53_373337.pdf,pdf,127973,1706492632,2026-07-26 19:12:01,
60296556c24803d59be0314bf89d5c9dc725094dbd6965a06f9312ad9d3e8129,Z:\ScanOriginal\pdfNotice_of_assessment_2022_06_27_06_06_17_315079.pdf,pdf,111945,1706492636,2026-07-26 19:12:01,
f026a761db3f445101c54aee2037332e8389488d15f7ff83862c72e9fcd2c93f,Z:\ScanOriginal\pdfPersonal Info Form NEW Xiaoning Yang.pdf,pdf,183518,1706492644,2026-07-26 19:12:01,
8310fd286eef5eb9de2d6e150ec9bcc4309f9f4f796dcb9729497125172f39cc,Z:\ScanOriginal\pdfPersonal trading form NEW Xiaoning Yang.pdf,pdf,147333,1706492655,2026-07-26 19:12:01,
bcaca3e384d1073cae2c10733359a10dc113a7c3f3f06413a3493454c5077a94,Z:\ScanOriginal\pdfPrevention.pdf,pdf,94802,1706492660,2026-07-26 19:12:01,
ac34beb2aebdf39791a1e2bb95e1b7d6f53b94cd5f77fdca03309a3ea1e4f350,Z:\ScanOriginal\pdfUNSIGEND HABITATIONAL APPLICATION.pdf,pdf,3414185,1706492674,2026-07-26 19:12:01,
55ccf5e1ed3ed3b1560269cdb1df449a95c31f46784f4ba42658cda6be78a4bb,Z:\ScanOriginal\pdfUNSIGNED AUTOMOBILE APP.pdf,pdf,1772853,1706492685,2026-07-26 19:12:01,
90b46be7e3e92b64363410bfb8f44997e1928868c5fb6cd2789294db7f027308,Z:\ScanOriginal\pdfXiaoning Yang Equitable Contract.pdf,pdf,2450082,1706492790,2026-07-26 19:12:01,
cda38554ae1d1a3b4fac4cf3bf7475b250ec9d14a511f8297133e9001377aacb,Z:\ScanOriginal\pdfXiaoning Yang T4 Statement for 2021.pdf,pdf,289602,1706492799,2026-07-26 19:12:01,
8adb2dc9073a525316d0ddac28bc507940aaca58d0223282c03c3a1fcc363c42,Z:\ScanOriginal\pdfXiaoning_Yang_T1_2021.pdf,pdf,6775631,1706492833,2026-07-26 19:12:01,
87a2e5413fe5f8bd883d895680b49c374236284aa17c00b34d5c133be14bc78f,Z:\ScanOriginal\pdfXiaoning_Yang_T1_2022.pdf,pdf,9012236,1706492879,2026-07-26 19:12:01,
2ee495c57d287af39abd8f1979b2b2c850c9a52984bd0a6a23aa847b2948d001,Z:\ScanOriginal\pdfYang Chen Tax year 2020Notice_of_assessment_2021_03_15_15_48_04_194524.pdf,pdf,136449,1706492885,2026-07-26 19:12:01,
754f7c2078d161e5ae38e616284606c39b4b74ae50596642a9579480fb835647,Z:\ScanOriginal\pdfYang Chen Tax year 2021 CCB_notice_2021_06_30_00_00_12_849297.pdf,pdf,129269,1706492891,2026-07-26 19:12:01,
6720c8c82bf1fd244609656a22a5c12b9e2d82c070abaaa1b6112ef4a4b9011b,Z:\ScanOriginal\pdfYang Chen Tax year 2021 taxInformationSlips (1).pdf,pdf,243282,1706492896,2026-07-26 19:12:01,
0eccf0ca193de3cd54f2fa8cd321a5cef5187d516455e0e2db3d331a15466420,Z:\ScanOriginal\pdfYANG- GUO RUI (1).pdf,pdf,547139,1706492905,2026-07-26 19:12:01,
948f310e82705986022f1eb5c27ef7f31f0aa11d5d15567edea51dfe66be4ea3,Z:\ScanOriginal\pdfYANG- GUO RUI (2).pdf,pdf,540836,1706492913,2026-07-26 19:12:01,
66a2ba01a48921fa0008d791c3429b48992ecc403307432177a66f7b972ae144,Z:\ScanOriginal\pdfYANG- GUO RUI.pdf,pdf,524950,1706492921,2026-07-26 19:12:01,
fd861f5c1cb6efafaae3350dab529e04f2b61d0f9c827a4d3908fa9bdeea3f7a,Z:\ScanOriginal\pdfYANG- MIA LIUYI (1).pdf,pdf,520330,1706492929,2026-07-26 19:12:01,
39a2cca3b56f60194788c55e00b99a3040ac1a07e4a8e5f9530317de1ed77fae,Z:\ScanOriginal\pdfYANG- XIAONING.pdf,pdf,536697,1706492937,2026-07-26 19:12:01,
1acfcc1da5ef1bc68ab3d986c57c4d7d3eeadd101aa324c7a0218c335841906f,Z:\ScanOriginal\pdfYang_Chen_T1_2021.pdf,pdf,7307929,1706492974,2026-07-26 19:12:01,
1dbf0ad831142162c616fcfcb2385fcb9512ad0c41c0d07c93d8fc125836e2d1,Z:\ScanOriginal\pdfYang_Chen_T1_2022.pdf,pdf,12792357,1706493021,2026-07-26 19:12:01,
3e3bf9ed420da7231a245702d17c8591a2fe076a51a1bc3ca703d615fdb235b6,Z:\ScanOriginal\pdfYour_Freedom_Mobile_agreement_is_ready_to_vie.pdf,pdf,4669155,1706493070,2026-07-26 19:12:01,
a374524adb6d4b93c4fd54aa90bcb644f938e2a4955b2469df543bb94dcc3b76,Z:\ScanOriginal\jpeg20220212_174403_Raven_Scan_1.pdf,pdf,351612,1706493246,2026-07-26 19:12:02,
e336052e2397f497bfc8ad1ee026d292d4164b592f8a36d9e9da8a4127157994,Z:\ScanOriginal\jpeg20220225_092944_Raven_Scan_1.pdf,pdf,388547,1706493257,2026-07-26 19:12:02,
decf80825c2db40cb8d95436073020bb94534d684708c905482d27b0f4f189e0,Z:\ScanOriginal\jpeg20220306_191046_Raven_Scan_1.pdf,pdf,228688,1706493283,2026-07-26 19:12:02,
d0975f3f14531ccef13b081b6061e933fa8c9ce4a506cbe0f645d06b24c2e6eb,Z:\ScanOriginal\jpeg20220328_202052_Raven_Scan_1.pdf,pdf,281668,1706493318,2026-07-26 19:12:02,
3a35657cc1ef1859729d87fad9240dbf17791401e7e59e3675766fab3cf89555,Z:\ScanOriginal\jpeg20220523_172535_Raven_Scan_1.pdf,pdf,135736,1706493368,2026-07-26 19:12:02,
5c5b10a25d8d8f3fe878365dc985a74d61492988f0f296de1dec9590dbe88192,Z:\ScanOriginal\jpeg20220523_172535_Raven_Scan_2.pdf,pdf,120737,1706493373,2026-07-26 19:12:02,
173eb142d670464c4f0a1dd44f2565c5498b7b164b39e8bea965ec3f00593bed,Z:\ScanOriginal\jpeg20220525_190446_Raven_Scan_1.pdf,pdf,375998,1706493381,2026-07-26 19:12:02,
55c905e4c1f3113e3e898ac9dc5be82c0f213286cac1df08b44c30457fb2bc35,Z:\ScanOriginal\jpeg20220525_190446_Raven_Scan_2.pdf,pdf,52861,1706493385,2026-07-26 19:12:02,
cb9f96179f7dbe1c0804b86c5416ba06cbc8369a550e6797473d095058f640c2,Z:\ScanOriginal\jpeg20220525_190541_Raven_Scan_1.pdf,pdf,163760,1706493390,2026-07-26 19:12:02,
7967d5fe2f013098babd353d0c02f533701f892ddacdc663faf9557680b67f19,Z:\ScanOriginal\jpeg20220525_190541_Raven_Scan_2.pdf,pdf,55181,1706493397,2026-07-26 19:12:02,
e65d8b95ddc4cf5c29405590437f591e4bb741b0bedff5aa5579c6b7cc9c71ba,Z:\ScanOriginal\jpeg20220613_104448_Raven_Scan_1.pdf,pdf,224480,1706493404,2026-07-26 19:12:02,
d49bdcbfbdbf49cc03f7c3630ea421dfd653982f7e4ed602719d4b2652197ba7,Z:\ScanOriginal\jpeg20220613_104512_Raven_Scan_1.pdf,pdf,53708,1706493408,2026-07-26 19:12:02,
50805ed47561855afa01375a276b54079ce4efd3c73452df6baf8aeb09942ad7,Z:\ScanOriginal\jpeg20220613_104526_Raven_Scan_1.pdf,pdf,60584,1706493412,2026-07-26 19:12:02,
5cebe34123ec4ec94abff4286b26e4a09eb9535c211cac88c6f0237d5153f0d7,Z:\ScanOriginal\jpeg20220615_144159_Raven_Scan_1.pdf,pdf,73442,1706493416,2026-07-26 19:12:02,
e7a862563ecf0bb29c6b3197f8ec4b6199952fa48b96b27c8db108d057bde832,Z:\ScanOriginal\jpeg20220626_100624_Raven_Scan_1.pdf,pdf,331396,1706493477,2026-07-26 19:12:02,
445cdda19ada848bafb4244812d1b10a11c8c82ab47aca85bf284aa24e066f24,Z:\ScanOriginal\jpeg20220626_100624_Raven_Scan_2.pdf,pdf,59345,1706493483,2026-07-26 19:12:02,
4b21510acdff3a174224198e15bb1d25d21ced9d8bbd4bafc4e70fa18b8b4ba0,Z:\ScanOriginal\jpeg20220626_100624_Raven_Scan_3.pdf,pdf,191103,1706493489,2026-07-26 19:12:02,
03bf955aef869e3ac40e94461f7809ce0b332aa5930f0f3c3669faa761a505a3,Z:\ScanOriginal\jpeg20230921_202149_Raven_Scan_1.pdf,pdf,79673,1706493686,2026-07-26 19:12:02,
a24ee46312a70cdd84712281f013690acae01adcfbb1fa11be8313a5dbf5ab60,Z:\ScanOriginal\jpeg20230921_202149_Raven_Scan_2.pdf,pdf,111564,1706493691,2026-07-26 19:12:02,
fe5fbf0d3d4f5ba023d7c0910c103cd0806403c18d78ee834910118a920b22c7,Z:\ScanOriginal\jpeg20230921_202149_Raven_Scan_3.pdf,pdf,109709,1706493696,2026-07-26 19:12:02,
2a4bebb407c5511978c847026aab0b160a577a38d570529d9d62cd1b21d06a95,Z:\ScanOriginal\jpeg20230926_100755_Raven_Scan_1.pdf,pdf,329939,1706493702,2026-07-26 19:12:02,
26293707a257d45ff149ee712bc490dbd819514d62a7fd8b5b0736b80cdf4e37,Z:\ScanOriginal\jpeg20230926_100755_Raven_Scan_2.pdf,pdf,82339,1706493708,2026-07-26 19:12:02,
00f8311614f43bd2339e3a4e15ce525b5dea7d2639f48c5dcca6e58ee61746a3,Z:\ScanOriginal\jpeg20230926_100959_Raven_Scan_2.pdf,pdf,69559,1706493721,2026-07-26 19:12:02,
4a4e7e9746b76fb75a332423620caff4921621586311a6874b9eb131575e2d08,Z:\ScanOriginal\jpeg20230926_223426_Raven_Scan_1.pdf,pdf,336110,1706493729,2026-07-26 19:12:02,
29a0e0779b79a4022b9f345956aa8b748bcd01558f01434ac9d768bf25e5c024,Z:\ScanOriginal\jpeg20231001_162952_Raven_Scan_1.pdf,pdf,59415,1706493735,2026-07-26 19:12:02,
63fdc28601436dd27d702d3f71dfcfb4258c784e15cb5d1c4d0a1037f783c3d9,Z:\ScanOriginal\jpeg20231001_162952_Raven_Scan_2.pdf,pdf,32782,1706493742,2026-07-26 19:12:02,
87e6352efe0b2b4c196ce8f57aa25ea91ef0638ed2da4e230c1760bd29e6114d,Z:\ScanOriginal\jpeg20231020_141529_Raven_Scan_1.pdf,pdf,57963,1706493746,2026-07-26 19:12:02,
5cea5457b6f4d803be1396b3322f886046a9e4f4e502d6a8825e81b0603dcd14,Z:\ScanOriginal\jpeg20231029_131629_Raven_Scan_1.pdf,pdf,401724,1706493754,2026-07-26 19:12:02,
0aad91b0daea0e691a284265524be0e1d4a45adbd756e7f4390e38c231c8c72b,Z:\ScanOriginal\jpeg20231030_112718_Raven_Scan_1.pdf,pdf,451026,1706493761,2026-07-26 19:12:02,
3acc365effcb9368b467f7b221063496476d616f692c1be3c01a9e7b497d8a9a,Z:\ScanOriginal\jpeg20231030_112718_Raven_Scan_2.pdf,pdf,456605,1706493766,2026-07-26 19:12:02,
5b5127f7a1a23c928210445172b055b65a13038d100a1a52367df67c1d70506d,Z:\ScanOriginal\jpeg20231030_112718_Raven_Scan_3.pdf,pdf,460623,1706493772,2026-07-26 19:12:02,
cd3b94efb639aa0609d562ab3d48ccab94b7e84adcc6b337f6bfaf0330a4aa5a,Z:\ScanOriginal\jpeg20231104_165532_Raven_Scan_1.pdf,pdf,20527,1706493774,2026-07-26 19:12:02,
709a7110dae7c490d8a66564e6f54fe63ba319e49bd0a7aa0a10666130799b7a,Z:\ScanOriginal\jpeg20231105_161515_Raven_Scan_1.pdf,pdf,536798,1706493785,2026-07-26 19:12:02,
19ff2f2b4b22ef02ce094f57abd91c3c6ab8eb74bf11ab939ed34b3222757d75,Z:\ScanOriginal\jpeg20231105_161925_Raven_Scan_1.pdf,pdf,67622,1706493804,2026-07-26 19:12:02,
acd02ed084c0fa880173c4e29365d1eb4bcb282fa741cd9a6bdf1318dc5b9cef,Z:\ScanOriginal\jpeg20231105_162021_Raven_Scan_1.pdf,pdf,75660,1706493809,2026-07-26 19:12:02,
0ac854ca18ca41baddb860c6400e6bcb9018d6d2afc50af3d27e63c8c0282f17,Z:\ScanOriginal\jpeg20231105_162021_Raven_Scan_2.pdf,pdf,38657,1706493812,2026-07-26 19:12:02,
0b467682c8a2ebcb516fe4d55874a900269ff4ed73a4784a791634ba8d52faec,Z:\ScanOriginal\jpeg20231105_162111_Raven_Scan_2.pdf,pdf,81263,1706493821,2026-07-26 19:12:02,
13acdd9376ac22e87ce75bfe3422e4a463b29b67c43efdbf22c9770bdd66fb63,Z:\ScanOriginal\jpeg20231105_162144_Raven_Scan_2.pdf,pdf,384021,1706493830,2026-07-26 19:12:03,
f849856de3a08c0df4376d8d5862c148397e5feb3c821812c65075ef710afc39,Z:\ScanOriginal\jpeg20231110_113201_Raven_Scan_1.pdf,pdf,112338,1706493845,2026-07-26 19:12:03,
9788a4d230728bfbb6ebec73a600c0deb5e62ef48e076c2d844782efba501848,Z:\ScanOriginal\jpeg20231113_105127_Raven_Scan_1.pdf,pdf,102717,1706493852,2026-07-26 19:12:03,
64e7ae5a82ce44099fc826a3410fe4f81eeb76271c9a2ed9505a4e0866c210f3,Z:\ScanOriginal\jpeg20231113_105127_Raven_Scan_2.pdf,pdf,44266,1706493855,2026-07-26 19:12:03,
cdf3df738ed75eaf42c0ecd022c3c31239240d934b59a11aa1fb79266981cf4b,Z:\ScanOriginal\jpeg20231119_125618_Raven_Scan_1.pdf,pdf,61573,1706493860,2026-07-26 19:12:03,
db50f1202a7ea65c0329d37c0a1f56f8543b158be4afef3f72d1a8228bfd33a8,Z:\ScanOriginal\jpeg20231125_150826_Raven_Scan_1.pdf,pdf,87935,1706493872,2026-07-26 19:12:03,
08fe793f0a479fae4fa28854eee4222277e74c196b59701eb67bd3f72976e0c3,Z:\ScanOriginal\JPG168 Survey.pdf,pdf,573351,1706493085,2026-07-26 19:12:03,
0b3789fd8c94eb313afda7d25f8b90cf48b77bc521d80b60618d12d3c06fdc60,Z:\ScanOriginal\jpgCCI_000004.pdf,pdf,383218,1706493907,2026-07-26 19:12:03,
1d17e4edc4df78179f9026169eafb53c24bbbb585d2f80c545e539d52126b919,Z:\ScanOriginal\jpgMia Passport Sept 16 2021 to 2026.pdf,pdf,1031454,1706493959,2026-07-26 19:12:03,
d8043375c8a129109b6460bed3290ff57bc4ded1b5c69e838f1b0f39612fdce8,Z:\ScanOriginal\jpg微信图片_20211106204234.pdf,pdf,89115,1706493999,2026-07-26 19:12:03,
abc998ed3c50fd1feb77ca5387e9109ceeb2f2c08e3880a31a3d240b8b02d0eb,Z:\ScanOriginal\pdf1.0 Letter to CRA C0051378344-001-17.pdf,pdf,25751,1706493074,2026-07-26 19:12:03,
5a50605be80220d6a99cf957a07fd9fb2c63a1f7cc8aa6340634908ad67ff3bc,Z:\ScanOriginal\pdf7810ce96-9312-45bc-bca7-8d25772b44be.pdf,pdf,411990,1706493102,2026-07-26 19:12:03,
e2cb13f27ffba3c86c1e50e8490e197500f04e5ad8ff016db5bea76055a0253d,Z:\ScanOriginal\pdf2510590OntarioIn_payStubs_20230731__65D5071E-DE7F-079F-C78E5D4A3175A741.pdf,pdf,209785,1706493105,2026-07-26 19:12:03,
f0ca244dc5d61699f52db4b9a4376ecc7f567346e7d57b7ea6b9d1469a218d51,Z:\ScanOriginal\pdf2851275 Ontario ltd 30Jun2022 T183Corp Signed 20220808.pdf,pdf,64227,1706493110,2026-07-26 19:12:03,
566eeb3c8a7f58b0228cc9e19a319c4d554bd8cc863acc1337633aef9fc57773,Z:\ScanOriginal\pdf2851275 Ontario Ltd Xiaoning Yang Void Bank Deposit Form signed.pdf,pdf,67466,1706493114,2026-07-26 19:12:03,
82cfbdb814cea1adcb9ca86cd2a34f98acbd1c4e398a5cea457980cc7df9633d,Z:\ScanOriginal\pdf2851275 Ontario Ltd Xiaoning Yang Void Bank Deposit Form.pdf,pdf,52149,1706493118,2026-07-26 19:12:03,
898b02f08bdceedd7585db8ab5cad8f19d69e9a8eb5ecc0a832d69f91abd48a9,Z:\ScanOriginal\pdf2851275 Ontario Ltd Xiaoning Yang Void Check.pdf,pdf,77197,1706493123,2026-07-26 19:12:03,
1fb48123bf1d793384f62aa79b874172c28c10edc856d46223247db32566aa61,Z:\ScanOriginal\pdf2851275 Ontario Ltd. Year 2023 tax instalment.pdf,pdf,62091,1706493126,2026-07-26 19:12:03,
a50e845aed24285361d01a22f6b4110c99e11277e1b24973e05190216a1fe744,Z:\ScanOriginal\pdf20210726_170018_Raven_Scan.pdf,pdf,714650,1706490679,2026-07-26 19:12:03,
d70b50d84b7e4768a8783d72d7184cb584670ae265d683cbbaa7f5cbb59c27f8,Z:\ScanOriginal\pdf20210801_222034_Raven_Scan.pdf,pdf,64922,1706493129,2026-07-26 19:12:03,
3b06601883cf7d7c5d88ed4b2607938578e673fed21bc4bd84eb0849818518a9,Z:\ScanOriginal\pdf20211008_085506_Raven_Scan.pdf,pdf,92370,1706493159,2026-07-26 19:12:03,
a3da9f29bc78775cfdec825f8535801f0deb150de0ca9f0b8418d6ee986dac5b,Z:\ScanOriginal\pdf20211008_085613_Raven_Scan.pdf,pdf,94075,1706493168,2026-07-26 19:12:03,
15c15f82f40122e262ae725b7bd04d380b83f01d67935f3eba868e0afae06ff0,Z:\ScanOriginal\pdf20211012_170140_Raven_Scan.pdf,pdf,58447,1706493171,2026-07-26 19:12:03,
58c997fb3d4baf12506c002a3222842a11b3c1030a19c6ebdcfba952568da13a,Z:\ScanOriginal\pdf20211122_135406_Raven_Scan.pdf,pdf,470672,1706493193,2026-07-26 19:12:03,
d3abb8b50b4611a3f352fd4f1896d096508280e77d6b05da2bc953852cd56e95,Z:\ScanOriginal\pdf20211123_113128_Raven_Scan.pdf,pdf,706210,1706493208,2026-07-26 19:12:03,
1c6c9570dbcea71f382964aaed2d373a51d95bca9d1f34780ea33424731b09e1,Z:\ScanOriginal\pdf20211203_144704_Raven_Scan.pdf,pdf,484021,1706493221,2026-07-26 19:12:03,
a54e09f753c4f50e35e54f9a2add1084be51f79e8885ebc88161d62474f51dd8,Z:\ScanOriginal\pdf20220126_094932_Raven_Scan.pdf,pdf,176957,1706493226,2026-07-26 19:12:03,
981c3b848101f43e2bf09e849f4a5c714a7f95db61dbdfd1db08496ab4827052,Z:\ScanOriginal\pdf20220205_191738_Raven_Scan.pdf,pdf,115743,1706493236,2026-07-26 19:12:03,
2c011260f9fd084614e7e2f3e5bebfdf85449493bcd964ea30c75ffd2c28ca47,Z:\ScanOriginal\pdf20220212_195750_Raven_Scan.pdf,pdf,77930,1706493249,2026-07-26 19:12:03,
53a70a94c60ffd38bf8b6a7bc1a09aff7c4849a18868640ac8e40fdbcaf62e2a,Z:\ScanOriginal\pdf20220220_104437_Raven_Scan.pdf,pdf,73478,1706493254,2026-07-26 19:12:03,
86b432e4918df769007e7e062d84ef308c302569cd11f13da2b692c63f62502a,Z:\ScanOriginal\pdf20220227_180958_Raven_Scan.pdf,pdf,71531,1706491113,2026-07-26 19:12:03,
0a9d55997eda0e0fc469838fc0705faf60b5a2fd5a2c5bffd63760ec190e0ffd,Z:\ScanOriginal\pdf20220326_184241_Raven_Scan.pdf,pdf,59519,1706493307,2026-07-26 19:12:03,
91ef4bdf3a014f05264bddca30087bb1df664de4b1152694d6454572bb56e3d6,Z:\ScanOriginal\pdf20220326_184328_Raven_Scan.pdf,pdf,78556,1706493310,2026-07-26 19:12:03,
a051961bbac4c4582564e77f54ed5664424dfd9a23244598de385a31af916340,Z:\ScanOriginal\pdf20220326_184348_Raven_Scan.pdf,pdf,51931,1706493313,2026-07-26 19:12:03,
0b0bd993a1b2a1da24a9731371be3fbd6a862e4674a799a7a169005b2ceed592,Z:\ScanOriginal\pdf20220411_104046_Raven_Scan.pdf,pdf,105157,1706493350,2026-07-26 19:12:03,
cf6005c7822769269832e3959b6cc38f1c9263c87f14a8b079e20715a23c4de6,Z:\ScanOriginal\pdf20220413_200659_Raven_Scan.pdf,pdf,38694,1706493353,2026-07-26 19:12:03,
764c313f1180b3a00ee6a741673f7a7669fdd03c46013be78b98ce2cfba90852,Z:\ScanOriginal\pdf20220616_093232_Raven_Scan.pdf,pdf,99574,1706493422,2026-07-26 19:12:03,
d86c217e7cce37fba9393f5b8b3b12b804f5eaec285a2847301f53aa8dd10bd1,Z:\ScanOriginal\pdf20220619_162329_Raven_Scan.pdf,pdf,55403,1706493427,2026-07-26 19:12:03,
072cf6e788e82986d5420aa78a63c33483fac872bd8184d65b5d2d5f6de3fed4,Z:\ScanOriginal\pdf20220619_162354_Raven_Scan.pdf,pdf,66743,1706493431,2026-07-26 19:12:03,
056e735c2246ccc1f7d180c70a2b21f3d512cad34ccaf9147a188eeb44259fab,Z:\ScanOriginal\pdf20220620_110750_Raven_Scan.pdf,pdf,95193,1706493435,2026-07-26 19:12:03,
67b48f8d7249e4789ec7c21d9f0fa7d70df3fdff1feeb96b72c2a2fd5a245635,Z:\ScanOriginal\pdf20220620_111511_Raven_Scan.pdf,pdf,83050,1706493439,2026-07-26 19:12:03,
bfb4c9daff7197b8832d4284da1fb78b568b01d98deeabc1cadfe3ed350da1bc,Z:\ScanOriginal\pdf20220622_095407_Raven_Scan.pdf,pdf,146991,1706493446,2026-07-26 19:12:03,
4c4fd536c4068c88f894649745a02a5fb04359c7074d3ae3ca6d6b3b0e4df498,Z:\ScanOriginal\pdf20220624_084846_Raven_Scan.pdf,pdf,73066,1706493449,2026-07-26 19:12:03,
e3c348dd4ccc513fcc0e19a8ca2873e2f49042588bc47a276726bc2994415f49,Z:\ScanOriginal\pdf20220624_084918_Raven_Scan.pdf,pdf,96996,1706493455,2026-07-26 19:12:03,
74f87c16ff1027b9dd537f9a386798b3cb9fddac05eada56930f6197a520f559,Z:\ScanOriginal\pdf20220702_165528_Raven_Scan.pdf,pdf,90872,1706493492,2026-07-26 19:12:03,
f7b2298a6051f0213dd2374de6e67a4c25bd84c7f3bb9e5e1622198fc1800d0d,Z:\ScanOriginal\pdf20220702_165738_Raven_Scan.pdf,pdf,77669,1706493496,2026-07-26 19:12:03,
1661a674a9c088e595d548f888e7df146af0d005d1c9179622ae30fa1397b342,Z:\ScanOriginal\pdf20220702_190055_Raven_Scan.pdf,pdf,221934,1706493505,2026-07-26 19:12:03,
55e74209f8fd9d768ce344700fe82c5583e405f36461b42533d9b0e0c14bbd3f,Z:\ScanOriginal\pdf20220707_150657_Raven_Scan.pdf,pdf,77757,1706493511,2026-07-26 19:12:03,
b2a22640fa36b5166618a13df8aeed8dda27809db181cba2ff972509c7a1de22,Z:\ScanOriginal\pdf20220713_160249_Raven_Scan.pdf,pdf,315903,1706493518,2026-07-26 19:12:03,
449985d2f3ca9f7c74fc59e00c5ee33ff9ad587411e41a798f426969fb12b4d0,Z:\ScanOriginal\pdf20220729_201825_Raven_Scan.pdf,pdf,62976,1706493521,2026-07-26 19:12:03,
353db9e5d7b880c69452e171836da420b21f24021d09c300ecdc239c7d7cb69d,Z:\ScanOriginal\pdf20220825_152240_Raven_Scan.pdf,pdf,68465,1706493523,2026-07-26 19:12:03,
259e3abac54e9580179d89bdc7bef96e115f9938f988e478d486d9449c9708b4,Z:\ScanOriginal\pdf20220826_124851_Raven_Scan.pdf,pdf,107261,1706493529,2026-07-26 19:12:03,
609cd3e354c293ab5f37d8b1cf046eefb37990c93bbb4f6203e431a6efe3b84d,Z:\ScanOriginal\pdf20220826_125005_Raven_Scan.pdf,pdf,93076,1706493532,2026-07-26 19:12:03,
e84881c13f89a0863d771f3e403a34202faecf60eb1fe0901986eca7a4ec920a,Z:\ScanOriginal\pdf20220827_123145_Raven_Scan.pdf,pdf,133418,1706493539,2026-07-26 19:12:03,
626f3b02e4d46133426e0ebf48ec0557c2d128398bcff78883afd24435ffc7ad,Z:\ScanOriginal\pdf20220829_101908_Raven_Scan.pdf,pdf,96505,1706493547,2026-07-26 19:12:03,
1759213391471fc0c1b3730ae7783c6e8c7942352031521a476b61781ad624ac,Z:\ScanOriginal\pdf20220831_124153_Raven_Scan.pdf,pdf,118223,1706493557,2026-07-26 19:12:03,
e2bf60750556f2ee817c4ef45c4c1f1c123c27bbd9a82ee7c6d2bec13c3ee223,Z:\ScanOriginal\pdf20220912_102939_Raven_Scan.pdf,pdf,62915,1706493560,2026-07-26 19:12:03,
1f02cadc785e308397e7594cc56474418aa96154217b5283b93cdb218bb2424a,Z:\ScanOriginal\pdf20220925_213952_Raven_Scan.pdf,pdf,129751,1706493566,2026-07-26 19:12:03,
9b6555fc2796ff911b45e06fe477b7a3d7cd9f2feaa421764eba768807b8e00a,Z:\ScanOriginal\pdf20220925_214008_Raven_Scan.pdf,pdf,52540,1706493569,2026-07-26 19:12:03,
cdf40a5a7ca692c950eb0a5744ce2bf233a163417e5ed9a58eef35e9ff972dd1,Z:\ScanOriginal\pdf20220925_214051_Raven_Scan.pdf,pdf,126674,1706493576,2026-07-26 19:12:03,
9a4f8a97ae805e13997168d3952496e9a7ed30b61fbf0eb36bf3d9686435629e,Z:\ScanOriginal\pdf20221020_143814_Raven_Scan.pdf,pdf,66384,1706493581,2026-07-26 19:12:03,
e198d03bee3133e16d2c6ceaecd320ff01932aaa76ad4fb9e440d3b6a25ad6b3,Z:\ScanOriginal\pdf20221020_144643_Raven_Scan.pdf,pdf,66723,1706493585,2026-07-26 19:12:03,
005b0bb81e256dca82338cf6c7b9202e69f4e410ce3f4d6359991963d1ad593d,Z:\ScanOriginal\pdf20221020_153346_Raven_Scan.pdf,pdf,112550,1706493594,2026-07-26 19:12:03,
59fcc9ad967c16e305257415d1a0453a5f660da228625d1c85c6e16fe878fa63,Z:\ScanOriginal\pdf20221020_153411_Raven_Scan.pdf,pdf,118932,1706493604,2026-07-26 19:12:03,
05c2cdd44008a3dba1ea9a6e457fbff26e85f26216fd0651fe9dbf54d1f5c953,Z:\ScanOriginal\pdf20221218_161202_Raven_Scan.pdf,pdf,100742,1706493609,2026-07-26 19:12:03,
ccd069644fef5b091c564e773419be7030b0dcbbd5a11adb1f8379b194fe27b3,Z:\ScanOriginal\pdf20230217_154311_Raven_Scan.pdf,pdf,53663,1706493615,2026-07-26 19:12:03,
c45d81101d8b11a8d2ec4e1efa50592c5c2270578ecccc38bbe49074e3719f2d,Z:\ScanOriginal\pdf20230217_154345_Raven_Scan.pdf,pdf,80567,1706493619,2026-07-26 19:12:03,
75da0639e79801502e74dc6ec52038a7f2a946a6077174791f5856cd18d54dbf,Z:\ScanOriginal\pdf20230221_113530_Raven_Scan.pdf,pdf,124846,1706491570,2026-07-26 19:12:03,
7b4332f28b192a911f2e1456b4e95637349995f338de9159e2d3efb02aa97b8a,Z:\ScanOriginal\pdf20230227_142349_Raven_Scan.pdf,pdf,63913,1706491576,2026-07-26 19:12:03,
3d17a741e00cda7695386518ddbc4bf9e64f12f40210c6c2378f7438a28c0706,Z:\ScanOriginal\pdf20230325_162852_Raven_Scan.pdf,pdf,63236,1706493624,2026-07-26 19:12:03,
f34a0076ec57d2aca66b78eff8adc7e3278da191ebd0dd1eef2c1087c3c5fd92,Z:\ScanOriginal\pdf20230325_174627_Raven_Scan.pdf,pdf,62263,1706493626,2026-07-26 19:12:03,
e370229f5d89b3701d4c74bfa98c0adebce0b18f1b4f32b53e8f9a141bcc82d8,Z:\ScanOriginal\pdf20230327_121730_Raven_Scan.pdf,pdf,114182,1706491679,2026-07-26 19:12:03,
b6a68dda9b5e2f458066436cf423f3aa4d00d46d16d8ffff7404485e0b7a30cf,Z:\ScanOriginal\pdf20230328_162013_Raven_Scan.pdf,pdf,75420,1706493632,2026-07-26 19:12:03,
97028f238452404eb2e6ca1f3bc262d59c8d286d51675d9e519b41dbf9becd59,Z:\ScanOriginal\pdf20230328_162037_Raven_Scan.pdf,pdf,58183,1706493637,2026-07-26 19:12:03,
e423ad4d89f1f75f3d45d5066168b0d56a91c100a5acfa0bb65d572a0ea244d3,Z:\ScanOriginal\pdf20230426_141733_Raven_Scan.pdf,pdf,94879,1706493643,2026-07-26 19:12:03,
dc47a32fb5c328fb7e87cf151e7f2609eafd578308bdd2075db1bdc7c58c0945,Z:\ScanOriginal\pdf20230517_090058_Raven_Scan.pdf,pdf,31855,1706493646,2026-07-26 19:12:03,
e924c4208bd9badda3730803f0ac7847a4a1caf16a02b7580ad800d517a6651f,Z:\ScanOriginal\pdf20230531_112624_Raven_Scan.pdf,pdf,20578,1706493649,2026-07-26 19:12:03,
21d17de61cc29841405413d727073c17f49a95133092ec12c8fba195891abcf3,Z:\ScanOriginal\pdf20230531_153528_Raven_Scan.pdf,pdf,37195,1706493652,2026-07-26 19:12:03,
c38c7b7cdf0d0fe59747398471ea9dfd8c00afce30028b2e79e9820ab55157e0,Z:\ScanOriginal\pdf20230604_122426_Raven_Scan.pdf,pdf,16537,1706493654,2026-07-26 19:12:03,
473ad14b125b4b268aa0c3998149867c9f3729cd8baf852df74237f7567805e8,Z:\ScanOriginal\pdf20230606_095916_Raven_Scan.pdf,pdf,104915,1706493658,2026-07-26 19:12:03,
7ade48fcfda38830453faef2226bc469df3fa6cb2e32ff61a26f3b6d62773a23,Z:\ScanOriginal\pdf20230613_235340_Raven_Scan.pdf,pdf,75140,1706493662,2026-07-26 19:12:03,
a35741be49e86f5a6364ba2737dd7769051bda678702883e70e1307ce9b659f0,Z:\ScanOriginal\pdf20230706_202337_Raven_Scan.pdf,pdf,68238,1706493666,2026-07-26 19:12:03,
3802aeaef850f7668000999423f28caff09bcfa703364330b0c3b03f9ef9ac61,Z:\ScanOriginal\pdf20230718_135933_Raven_Scan.pdf,pdf,69776,1706493671,2026-07-26 19:12:03,
75fdeda99ddf038865ab2315f3eca6867d94812e60f9808d73e846d12694bcfe,Z:\ScanOriginal\pdf20230820_095712_Raven_Scan.pdf,pdf,155198,1706491870,2026-07-26 19:12:03,
46a502072bd7da7e823dc9ecb59f19b88ac65f9c11572692f1ed5ed31cb5b8de,Z:\ScanOriginal\pdf20230820_104422_Raven_Scan.pdf,pdf,62064,1706493679,2026-07-26 19:12:03,
dce00ec1288cd58b421717274913674acec9565d81f3effa76ccbade4a77400d,Z:\ScanOriginal\pdf20230916_185807_Raven_Scan.pdf,pdf,40112,1706493681,2026-07-26 19:12:03,
4c7bef53dedd16bda9106be1a75ced4107b81c87a0b7b913ba2e42675578f07f,Z:\ScanOriginal\pdf20231208_085326_Raven_Scan.pdf,pdf,86244,1706493877,2026-07-26 19:12:03,
1cdd38d440b383e91718428744fddf7af998f5e3bf1d4d5b65198298178c88fb,Z:\ScanOriginal\pdf20240108_094124_Raven_Scan.pdf,pdf,97791,1706493885,2026-07-26 19:12:03,
0e0f58241c4b00acb98ee45dc09a10c0e99d44ef741b190e11f54b4a10f22a9e,Z:\ScanOriginal\pdfAcknowledgement NEW April 2019 Xiaoning Yang.pdf,pdf,76698,1706493889,2026-07-26 19:12:03,
02351ae0fb15e77ffc9577e907d8dec3f84e4956f972e9a050f9eee9a1581d16,Z:\ScanOriginal\pdfAIC.pdf,pdf,154896,1706493895,2026-07-26 19:12:03,
ddbc31a9069f951e8d379043e1c007655f2d55406ec9fe8077e6f002824a2c1a,Z:\ScanOriginal\pdfAviva-Payment Form.pdf,pdf,247401,1706493900,2026-07-26 19:12:03,
ae3a450fc66965cfd8f00c3919b044dfec9e6572a26b7e11dcab268b26a0a16f,Z:\ScanOriginal\pdfBank Account Details - RBC Online Banking.pdf,pdf,201583,1706493903,2026-07-26 19:12:03,
209b18f96be659c837dd8a6ede9e2f0e7982608c938edfe8961c5af5437c664b,Z:\ScanOriginal\pdfCHAT Consent Form - Revised 05052017.pdf,pdf,272320,1706493911,2026-07-26 19:12:03,
bb4ce7d3e9bde2037d68d0c7d16f762fd1ab643fccac9db6a83091dd0b053163,Z:\ScanOriginal\pdfCSIO Payment Authorization Form.pdf,pdf,416179,1706493916,2026-07-26 19:12:03,
143eb0f4dcd435a8c38b9d797c5ab59917a687be4138b25967a5e540204a7b94,Z:\ScanOriginal\pdfDefault on Termination 2020 Xiaoning Yang Xiaoning Yang.pdf,pdf,56333,1706493922,2026-07-26 19:12:03,
bed4ee62fee23fce99226f76d01cdb6eae5debc2a46a7d4f62644cad39a19ba7,Z:\ScanOriginal\pdfElectronic Disclosures and Signatures Consent.pdf,pdf,179691,1706493925,2026-07-26 19:12:03,
3533ded37a1a3006925b9cf479ca385e5c3c3d7bbfb5f71183496e32ce34d692,Z:\ScanOriginal\pdfEntertainment and gift report NEW Xiaoning Yang.pdf,pdf,95904,1706493931,2026-07-26 19:12:03,
de30eb786f62c29d7c4b3f88d1a6ebaf78a3a183db21c4fdaff24def113e8b43,Z:\ScanOriginal\pdfhistory.pdf,pdf,223587,1706493935,2026-07-26 19:12:03,
21a5aa8c0291e249bcfc357d4e275358a8f3ec71728d658ea2a8c34a656e148e,"Z:\ScanOriginal\pdfHST Payable _Jun.30,2023.pdf",pdf,244979,1706493938,2026-07-26 19:12:03,
d7277ab4a8866d67088037baac6e4c7db9be1778ec0bc49f77bc269573ec0c95,Z:\ScanOriginal\pdfInvoice---2851275 Ontario  Inc June 2023.pdf,pdf,272517,1706493941,2026-07-26 19:12:03,
27d722ea2d04a785981aa1aa14178b0a31c723e49926e85f4fd5dfa3289c3146,Z:\ScanOriginal\pdfLiHuiLingPaysllip.pdf,pdf,68402,1706493945,2026-07-26 19:12:03,
a7736789510d4618fc02bb796da0efb9eecb91749ccd7e0dfa36a2fda23187a2,Z:\ScanOriginal\pdfmeds.pdf,pdf,235993,1706493949,2026-07-26 19:12:03,
ce0a2998ceea4708b53d7aa4838c8034317411e97540c55e6ebb143c098469df,Z:\ScanOriginal\pdfNew OAB Form (Chinese).pdf,pdf,351002,1706493969,2026-07-26 19:12:03,
802b5a25e9b619238e362b9f3646679966712f57f4d3c39d7825f8ad95ecb8e8,Z:\ScanOriginal\pdfNon_filer_benefit_letter_2022_01_06_23_42_55_798586.pdf,pdf,70490,1706492606,2026-07-26 19:12:03,
5b0f765baa9427c1b6460478ba667866aaff59f3b24815adbd216a6e5d4b645d,Z:\ScanOriginal\pdfPayment inlaw  407 ETR.pdf,pdf,193598,1706493971,2026-07-26 19:12:03,
074618066e1afdcc0391d06400e885dc4693c12542cc8c7a420f409b77d6e0a1,Z:\ScanOriginal\pdfRBC_ transfer BMO account receipt Aug 9th.pdf,pdf,197923,1706493974,2026-07-26 19:12:03,
3f9d9ebf02b7dfb78be8c30dcd17d407c32558aaed3d447b6f6fb865894f46e3,Z:\ScanOriginal\pdfRoyal Woodshop Scans_20211102_150011.pdf,pdf,96294,1706493980,2026-07-26 19:12:03,
22fda1163d11ca8b4a48968f5f261a62c44c3fb213c9c12362e5c8ac6c086c43,Z:\ScanOriginal\pdfTrilliumSchool 2021.pdf,pdf,64162,1706493983,2026-07-26 19:12:03,
a9f4615bf6d2986fbab86fa9c825c7c7e9a3bcdb36296316f1c6ccf492d380d5,Z:\ScanOriginal\pdfUNISGNED HOME CANCELLATION.pdf,pdf,301866,1706493986,2026-07-26 19:12:03,
710df941fb51e6facc83aa2ceb1cd90bd9afcd64403305282752173e32aa8aca,Z:\ScanOriginal\pdfView remitting requirements - RP account.pdf,pdf,199244,1706493990,2026-07-26 19:12:03,
8f827489d460d2ec4c9997e66ccf3ba35e02affc9d8d25a19085fb8ec7c5c4c5,Z:\ScanOriginal\pdfYangGuoRui PaySlips.pdf,pdf,120966,1706493996,2026-07-26 19:12:03,
acaa61b3e3082463e8ed913f48be27ab8a110b9b4c115bcd7ee8c1d4b90f64e8,Z:\ScanOriginal\png2021-08-01_23-23-33.pdf,pdf,53036,1706493088,2026-07-26 19:12:03,
45abd994a4748894470081c6a52571a85d803e8da8f45b726a473ac100b2995e,Z:\ScanOriginal\ACSESS EO Wording.pdf,pdf,369823,1706805540,2026-07-26 19:12:03,
0bfc1e971283daeac45c80fee42f7da5ce7eda3b959f61f6574052ef9d850836,Z:\ScanOriginal\ACSESS GL Wording.pdf,pdf,642682,1706805540,2026-07-26 19:12:03,
d195f37293505fcc0a8399b6ae27561948d14bd1b56993c60b422bb292410744,Z:\ScanOriginal\Application052588.pdf,pdf,199939,1706805480,2026-07-26 19:12:03,
d98de37f27bbfec5aee8daddfc1ac5deaf66d91ddd27c6d0af4cb6adec76ea8a,Z:\ScanOriginal\jpeg20210813_082915_Raven_Scan (2).pdf,pdf,829318,1706562370,2026-07-26 19:12:03,
06905634cc4f329e466e32c070031984435f38e2bc9c3e8427acd1dc44fcb23b,Z:\ScanOriginal\jpeg20230926_100959_Raven_Scan_1 (2).pdf,pdf,236693,1706562376,2026-07-26 19:12:03,
ac3ceaaba510aab10f1f775b1de5fff956777c463556ba6ea884aae770edf3a8,Z:\ScanOriginal\pdf414701_Xiaoning_Yang_2022-05-14_folio_08a69d5a-71bf-442b-9ddb-494de4435e20 (2).pdf,pdf,5686633,1706562398,2026-07-26 19:12:03,
72746667a940aaa613a3d2f5a20bac9d301b16f638da20212be6f8d0bde1ed3f,Z:\ScanOriginal\pdf414701_Xiaoning_Yang_all_q2_q3 (2).pdf,pdf,1073828,1706562409,2026-07-26 19:12:03,
da133512119b32a9c45a12dcc4f45ef6308e75089c24e2a11f8575f1db65fef3,Z:\ScanOriginal\pdf2851275 Ontario Ltd. June 30 2023 - T183CORP (2).pdf,pdf,87376,1706562421,2026-07-26 19:12:05,
7f838664866fba0668821b370554a91fc96652726f2d77fa9425272a81e6c37a,Z:\ScanOriginal\pdf2851275 Ontario Ltd. June 30 2023 - T183CORP signed (2).pdf,pdf,117609,1706562415,2026-07-26 19:12:05,
2a87269a9ca45b4af01f9b10981335b5b8914acb2773aeb32d251447ad8a6292,Z:\ScanOriginal\pdf2851275 Ontario Ltd. Year end June 30 2023 (2).pdf,pdf,703706,1706562433,2026-07-26 19:12:05,
ebf9cb41fef80e94224ad4a334a9c82e0fbec0191c7ad12efc3bb849d62cad41,Z:\ScanOriginal\pdf20210715_215812_Raven_Scan (2).pdf,pdf,852284,1706562442,2026-07-26 19:12:05,
7d249ec55ccd574da2ef69c1e28f1b6af7f0051dc962172bcc62293e37112f08,Z:\ScanOriginal\pdf20210720_180735_Raven_Scan (2).pdf,pdf,487678,1706562448,2026-07-26 19:12:05,
fb00747966ab41fec247003c112df5f341ccb66cefa38999a7a33c8148e2aae9,Z:\ScanOriginal\pdf20210720_181126_Raven_Scan (2).pdf,pdf,3614592,1706562468,2026-07-26 19:12:05,
c5c4a55a34253fe0a4e1a59dc81c7dda1c090f3d27ed626698f3564d3347b5d3,Z:\ScanOriginal\pdf20210725_173019_Raven_Scan (2).pdf,pdf,571525,1706562477,2026-07-26 19:12:05,
f09faac9348ba1461c63409d7b792125715bf69f6f379be332cbc54806c49e35,Z:\ScanOriginal\pdf20210730_173732_Raven_Scan (2).pdf,pdf,90964,1706562482,2026-07-26 19:12:05,
50f97b7694f71c5f43a276f2f7e49b3a2a65434c7a56752d385e088d72ea22c1,Z:\ScanOriginal\20240203_170730_Raven_Scan.pdf,pdf,701611,1706998058,2026-07-26 19:12:05,
1b1a4cb83d478618020f5667fe72e4c5b72e64b84d0a9653147dc53cb01def6c,Z:\ScanOriginal\20240203_170802_Raven_Scan.pdf,pdf,426879,1706998089,2026-07-26 19:12:05,
3c69d36796e1f28653e954f9b0292607e1e237acb818e77e4f0e086544506507,Z:\ScanOriginal\20240203_170850_Raven_Scan.pdf,pdf,290431,1706998137,2026-07-26 19:12:05,
63ecb3317d47d05c608edf39894776a6f863c1f0936525c47ed784a18d7d7923,Z:\ScanOriginal\20240203_171238_Raven_Scan.pdf,pdf,269251,1706998365,2026-07-26 19:12:05,
5515ee2b000c82aa80f2e6696d2a5bf7565c0c36674338e845a4fd9c69befcf9,Z:\ScanOriginal\20240203_170956_Raven_Scan.pdf,pdf,162395,1706998202,2026-07-26 19:12:05,
759341ab70a2efffc342b6d836d2c4ba6aeaadd6d931b15bc087be67f6c4a83f,Z:\ScanOriginal\07012026101610.pdf,pdf,289603,1782915481,2026-07-26 19:12:05,
740b6217fb0060844b20cfc935a30832f5b2a675b7c3cd1eaf617adbfa98a6cb,Z:\ScanOriginal\2016-01-01 YANG- MIA LIUYI (1).pdf,pdf,130789,0,2026-07-26 19:12:05,
043c5fca8927af15ce6ed55ae9c4faecdddc28ee6859a5d42fdb8e4979e2132d,Z:\ScanOriginal\2020-03-20 SwapClear Zero Coupon Rate Curve Construction Methodology.pdf,pdf,428553,1585158572,2026-07-26 19:12:05,
6cc55a150d78a49fba0836d09e8c892af01647dd85e8fd7700e3ce8c4b5b1efc,Z:\ScanOriginal\2020-03-23 SwapClear Zero Coupon Rate Curve Construction.pdf,pdf,2446796,1585158584,2026-07-26 19:12:05,
c3582f9b82c20400bdb74bedd16fddeac129b4e0cb089455de3154dbc72c7451,Z:\ScanOriginal\2021-04-20 Endur File Name_4.20.pdf,pdf,179116,1618930702,2026-07-26 19:12:05,
d1a33cbbde6faad6f54432b39b8dcc9d240fcec8c7ef1e185e00d09928f7af32,Z:\ScanOriginal\2021-04-21 Energy Desk Process Maps F21.pdf,pdf,687846,1619028833,2026-07-26 19:12:05,
307dfee8261f556181af6a94b469c638b0ffdcac8f42f673f48eaa0361fa53bf,Z:\ScanOriginal\2021-04-21 Metals Desk Process Maps F21.pdf,pdf,914953,1619028854,2026-07-26 19:12:05,
f38d39d3b0989b99ec9818125659407826c7870f6c02c10a71404b9329f0a308,Z:\ScanOriginal\2021-04-21 Endur Architecture Diagram_4.20.pdf,pdf,380788,1619028877,2026-07-26 19:12:05,
785a0566b51d5eea9b841127fb775e31504e8deee40c098216338f940f8d7888,Z:\ScanOriginal\2021-04-22 Test Dashboard - Beacon Platform Documentation.pdf,pdf,909260,1619124527,2026-07-26 19:12:05,
666858f8afee9103fe0a0072a0feb97e132af7eaf036b7af68b85a5eae197082,Z:\ScanOriginal\2021-04-22 Beacon Package Manager (BPM) - Beacon Platform Documentation.pdf,pdf,247338,1619124611,2026-07-26 19:12:05,
caf4aec5b674fde777ce4b19dcef5b579835b1a77a12dd85ad29ac5b6a7db269,Z:\ScanOriginal\2021-04-22 Platform Lifecycle - Beacon Platform Documentation.pdf,pdf,77431,1619124712,2026-07-26 19:12:05,
a001a704bfc70e2752860c69485db0c950ab5ade40fcd9003741d1f729dc1779,Z:\ScanOriginal\2021-04-22 Self-Service Configuration Override - Beacon Platform Documentation.pdf,pdf,126066,1619124730,2026-07-26 19:12:05,
bbfb9848f3000b0b772f69703956bcfb79ef1c2074b81c0442c5de92427aaec0,Z:\ScanOriginal\2021-04-22 Beacon Infrastructure Overview.pdf,pdf,1213334,1619125093,2026-07-26 19:12:05,
a672a132b9c31a9b10a5304f91252764a4ed7d81e3ba489e70bac0fbc5016847,Z:\ScanOriginal\2005-05-17 Connex_XML_Service_Methods.pdf,pdf,4194304,1619641628,2026-07-26 19:12:05,
c7e3fb99b58d75b49d24f68df64147b31c02eb9fd2d8b900d189b1f1dec9442e,Z:\ScanOriginal\2017-10-01 Murex Cloud Solutions.pdf,pdf,6443350,1621263218,2026-07-26 19:12:05,
65d37e19dd1302e201ea548119c87f8ca6f0ae4dcbb14a48a3fbbc7fcc372fa5,Z:\ScanOriginal\2020-01-03 Large Chinese Bank - Case Study.pdf,pdf,283799,1621263219,2026-07-26 19:12:05,
f295ec25490dd9981c83fc4f97858953280e7bf1da3cafbfae470b41acebe367,Z:\ScanOriginal\2021-05-17 FX Cash Performance Benchmark.pdf,pdf,728444,1621263219,2026-07-26 19:12:06,
e396e73f8041a361649bd078fe92faf67eddc125dcdea26831a92fa7aa13f625,Z:\ScanOriginal\2021-05-17 Large British Multinational Bank - Case Study.pdf,pdf,554639,1621263219,2026-07-26 19:12:06,
f465d9225c9b8ea4a95cc7b362348d8bf49aa740358076b16cdb7d984e707873,Z:\ScanOriginal\2021-05-17 Large German Bank - Case study.pdf,pdf,568612,1621263220,2026-07-26 19:12:06,
12d0f09c391849587ff554572d4d5195b1620119e3073ab4de85879da639c09f,Z:\ScanOriginal\2021-05-17 Murex Standard Connectors.pdf,pdf,284547,1621263240,2026-07-26 19:12:06,
89c0cfc4ce078d65398f16c9b874f813a45854fd5de36a8b5f92d36ef7d5f4ca,Z:\ScanOriginal\2021-05-17 MX.3 Architecture Overview.pdf,pdf,461414,1621263241,2026-07-26 19:12:06,
df5741b0a7fdc209ce20e139983f7034e0d1da60d89df782eee8a19739d9fd91,Z:\ScanOriginal\2021-05-17 MXTest.pdf,pdf,1456262,1621263241,2026-07-26 19:12:06,
adfea166939e5ab36bc42acd9595ae109bd473817d57ff5768eea4b14e110eda,Z:\ScanOriginal\2021-07-11 Entertainment and gift report NEW Xiaoning Yang.pdf,pdf,332917,1626056533,2026-07-26 19:12:06,
8eb117cb57d4f674cf15fef1dc5adb7a36f048d0fbb642a44392ce01ae7113a1,Z:\ScanOriginal\2021-07-11 Personal trading form NEW Xiaoning Yang.pdf,pdf,459302,1626056609,2026-07-26 19:12:06,
0168a186602d9dd2a7e757312ae6ea8b569b45c6f49f5fcb5fdf8949b49db8c2,Z:\ScanOriginal\2021-07-11 Acknowledgement NEW April 2019 Xiaoning Yang.pdf,pdf,223635,1626056759,2026-07-26 19:12:06,
c48e623fc42b1c81cd0e31d1c82b7efb6e3d47cdd030d38c442db71c9e70805d,Z:\ScanOriginal\2021-07-11 Personal Info Form NEW Xiaoning Yang.pdf,pdf,550408,1626056846,2026-07-26 19:12:06,
237502031548e36b8ed7732944d915e32313020a5c87c48e0985ced0a27a9802,Z:\ScanOriginal\2021-07-01 Default on Termination 2020 Xiaoning Yang Xiaoning Yang.pdf,pdf,254294,1626056998,2026-07-26 19:12:06,
e92e5748e426de7973ca3ae855b206a5e9d8199b2cb601294bfd3eb4dd35dbc5,Z:\ScanOriginal\2021-07-14 Business Number Summary of accounts BN 790433304 Ivan Yang.pdf,pdf,761452,1626301465,2026-07-26 19:12:06,
1fd1348fb3ef62630794bdf67b7935808a6450d88eb1bba7653d8c067464a5aa,Z:\ScanOriginal\2021-07-15 20210715_215812_Raven_Scan.pdf,pdf,1022449,1626404327,2026-07-26 19:12:06,
42caacdaa3e4f44e7e2dfe8b2c4a32b57c38018b7f1c3ed0d61ded34f5b5638d,Z:\ScanOriginal\2021-07-19 Authorization letter to Sunny Xiaoning Yang July 19 2021.pdf,pdf,332402,1626711446,2026-07-26 19:12:06,
861f354e9309d8735af3c42e114b70db4f14fa6e31f1e211b4590fbde506e8cb,Z:\ScanOriginal\pw.txt,txt,9,1626805411,2026-07-26 19:12:06,
eafa9a5041b863e842797048d5e47c8f56c3424c880d47c32b8443c47a5961a8,Z:\ScanOriginal\2021-07-08 20210720_180735_Raven_Scan.pdf,pdf,997712,1626822498,2026-07-26 19:12:06,
a624aec06ab7f7046bfe9bf75052a22f7ad84851c35bca5ec19bca22f4c0c05e,Z:\ScanOriginal\2021-10-10 20210720_181126_Raven_Scan.pdf,pdf,6739473,1626822736,2026-07-26 19:12:06,
7450c3362c0f0bfcbb1a2c27a7149f44d10815babd78f85bd432f2df6ab2f0a9,Z:\ScanOriginal\2021-07-19 20210725_173019_Raven_Scan.pdf,pdf,934705,1627252274,2026-07-26 19:12:06,
5c86d14a94a8c35d9dc3aad08fa1bbc75d5bfed68e0822946b00faaf47aac9f5,Z:\ScanOriginal\1981-03-28 20210726_170018_Raven_Scan.pdf,pdf,1465861,1627336835,2026-07-26 19:12:06,
1b48b898c61748038ce5c158c25c1921c331c8172acfdca2ca8512b3cb821d16,Z:\ScanOriginal\2021-07-30 20210730_173732_Raven_Scan.pdf,pdf,449057,1627684671,2026-07-26 19:12:06,
a503900ef9cc0c5616794bc40dc36a9500ced6d297f25e07a314296cf7e22c80,Z:\ScanOriginal\2021-08-01 20210801_222034_Raven_Scan.pdf,pdf,109573,1627874454,2026-07-26 19:12:06,
fdb0dc01b5d3d31a61a6b7458f2d31dceec821e8f8247fc32ef736c165869c34,Z:\ScanOriginal\2021-06-30 Business Account Application and Agreement CIBC Aug 1st 2021.pdf,pdf,1764482,1628007237,2026-07-26 19:12:06,
c433172f7cb3d5d776ad9acc78bd73c372c1e1fab9ad2230bf1fd7e6d31a971e,Z:\ScanOriginal\2021-08-05 Form 3.1 Spouse consent signed Xiaoning Yang Aug 5th 2021.pdf,pdf,322928,1628175146,2026-07-26 19:12:06,
a1bd6a76e77098a7693546d204efc2cbcb1e3834a7f53a9dfa43185114ea7813,Z:\ScanOriginal\2021-08-01 Form 3 signed Xiaoning Yang Aug 5th 2021.pdf,pdf,293807,1628175272,2026-07-26 19:12:06,
9bda364166e3c699f827f0999bab6b6ecebf8a9322abcdde1cc7d2b951053f5c,Z:\ScanOriginal\2021-08-09 RBC_ transfer BMO account receipt Aug 9th.pdf,pdf,55366,1628520534,2026-07-26 19:12:06,
2ce8d466027d610fdb64499bc29cf3b68ba6c969a6eba254322e8cc6c17528e9,Z:\ScanOriginal\2021-08-04 20210811_184720_Raven_Scan.pdf,pdf,3124028,1628725681,2026-07-26 19:12:06,
733e6adff9485420757c315e0e1fb997ab71e5cc9f6bbdabc9ea41032afa2554,Z:\ScanOriginal\2021-03-01 20210819_122154_Raven_Scan.pdf,pdf,1867990,1629393964,2026-07-26 19:12:06,
e48ab6a88dbf65c392b1c18c8ee8489d72f3a92de24a339738ad74b333c1c044,Z:\ScanOriginal\2021-08-22 20210825_205700_Raven_Scan.pdf,pdf,562301,1629943099,2026-07-26 19:12:06,
ef78ffd17296136f3172deb418387ea869d29e8d870b875dfdc465fd184731fa,Z:\ScanOriginal\2021-08-18 20210825_205931_Raven_Scan.pdf,pdf,633218,1629943272,2026-07-26 19:12:06,
ee663bfa900ff5948e75a769ad5f164de868fadaa483ae8fb48b42fdee7f4f48,Z:\ScanOriginal\2021-08-26 20210826_122415_Raven_Scan.pdf,pdf,549122,1629998742,2026-07-26 19:12:06,
2471a12272d3104f2c187ae821fe1a934fd20acb59b41b09a0dd173c4f44970d,Z:\ScanOriginal\2021-01-03 Mia Liuyi Yang Equitable Contract.pdf,pdf,7494650,1630184765,2026-07-26 19:12:06,
d639fd1e504ad095688f0ec6d501a7e4b0fa58304bc3b011a57026f6befe17f3,Z:\ScanOriginal\2021-01-03 Xiaoning Yang Equitable Contract.pdf,pdf,8006883,1630184769,2026-07-26 19:12:06,
21d5f4efc6fb48b6d25dcd22824c0f543bd0cc75e40040c2672e59fae8eaec91,Z:\ScanOriginal\2021-09-09 20210909_181936_Raven_Scan.pdf,pdf,214226,1631229721,2026-07-26 19:12:06,
7a3de82a826931a8474956f943a8ba4fb88149237578af305e43b3a9e7fb9b6f,Z:\ScanOriginal\2021-09-07 20210914_172638_Raven_Scan.pdf,pdf,301572,1631662047,2026-07-26 19:12:06,
09dfdba3349eaf7a66a7c87fe2d312d53cd340523e1d70bc6cc7bb11ddd87f10,Z:\ScanOriginal\2019-08-10 Dec Drawing blueprint.pdf,pdf,2001016,1631729493,2026-07-26 19:12:06,
3feb0cdae2ada068049122693a2026c0b9bec2d503071dd1743c16458e30950a,Z:\ScanOriginal\2021-09-15 Dec Approval TRCA.pdf,pdf,1050554,1631729572,2026-07-26 19:12:06,
6bd18860c5d70a9d14467665c5d9c833528ac30c9f82a1ac2f05808fbc46063d,Z:\ScanOriginal\2021-06-30 memberStatementDetails.pdf,pdf,162831,1631734477,2026-07-26 19:12:06,
0b2b70cae837e47a2dd49d3a5f1b6aa4fd13043b099278465fcc0da0ee308320,Z:\ScanOriginal\2016-02-11 20210916_134543_Raven_Scan.pdf,pdf,868235,1631817963,2026-07-26 19:12:06,
de26e4cc490adf5fea73448f07714ac42466f53a0b94515535469e1df695a889,Z:\ScanOriginal\2016-02-11 20210916_134605_Raven_Scan.pdf,pdf,878465,1631817981,2026-07-26 19:12:06,
f8dd15e60fab9e1a439e713d29e4f60c51e0c9e53c84daa58bf80e5ca8bd791c,Z:\ScanOriginal\2021-08-31 22123868_082021.pdf,pdf,564506,1632323530,2026-07-26 19:12:06,
c2fc373b59f20a1dce26751e82bb88dc23180c0b67a610c033c070fe1b2de4ed,Z:\ScanOriginal\2021-09-23 20210923_183357_Raven_Scan.pdf,pdf,681285,1632440068,2026-07-26 19:12:06,
d04bd524c6732a7a8f5a2168aabdafef3b3739b662cb132e884de91733ae929d,Z:\ScanOriginal\2021-09-25 20210925_091303_Raven_Scan.pdf,pdf,492092,1632579197,2026-07-26 19:12:06,
4ca9b5c9e5f4f335ea160b9df6369b3e66a0ec7fc2ef88424eef2f46594f0854,Z:\ScanOriginal\2021-09-28 20210928_122422_Raven_Scan.pdf,pdf,183519,1632849874,2026-07-26 19:12:06,
a73c7e73052a85df55cc314a7e624bd64d576994ee1dda455af750116e5f5a15,Z:\ScanOriginal\2012-03-28 ModelSummary__European_Option_Pricing_in_MFL(v3.0).pdf,pdf,78925,1632931067,2026-07-26 19:12:06,
72ee89a384952ec95fa727924f49744856e47e19332417d15c0510369d4cf67b,Z:\ScanOriginal\2012-06-08 20176_European Option Pricing Model in MFL_2012-06-08.pdf,pdf,292983,1632931067,2026-07-26 19:12:06,
39d457c3cae883a10000ad56e758cde5b43cc9dd8c7a5aefdcd2e2ed8e060ff5,Z:\ScanOriginal\2016-07-19 UserEngagement_DividendFutures2.pdf,pdf,190363,1633094387,2026-07-26 19:12:06,
ac2efc79422cb7911decad187302b1e4741a7874cb0857859f90dfc9b3d00dd9,Z:\ScanOriginal\2010-05-02 MRV Test Rigs.pdf,pdf,449491,1633096395,2026-07-26 19:12:06,
4b14e95d291681e3c32816256e77a289eb94dc4678fd533fbad7eeb74705c3ab,Z:\ScanOriginal\2017-01-21 ModelSummary__Dividend_Futures_and_Dividend_Swap_Pricing_Models_in_MFL(v2.0).pdf,pdf,628941,1633096395,2026-07-26 19:12:06,
c0ec68d2c54c2ca3c03171b342f6993a1cb384c02d8326a3c97adbae880f14e6,"Z:\ScanOriginal\2017-05-16 29026, 29027 Dividend Futures and Dividend Swap Pricing Model (New) Validation Report Signed (Update).pdf",pdf,885749,1633096396,2026-07-26 19:12:06,
4118a32374996e12576bbe4c086238f233122a7defe66a35d0aac50b3953d6e8,Z:\ScanOriginal\2019-06-25 29029_ModelDocumentation_Dividend Swap Pricing Model in Trader EH_20200117.pdf,pdf,269817,1633096396,2026-07-26 19:12:06,
54e8cb11ca021f153144baedcff9ca7bb09e17adf80c3df101a1047c7ed73ed5,Z:\ScanOriginal\2016-09-01 UserEngagement_VarianceSwaps.pdf,pdf,96402,1633099020,2026-07-26 19:12:06,
3bed6307679f89e4cd96ff24af4844497f0cd3a77362fc3443e0a9bacf26feb0,Z:\ScanOriginal\1999-03-01 VolatilitySwaps_GS_ResearchNote.pdf,pdf,485632,1633099048,2026-07-26 19:12:06,
07925583c130b557caec1b47db1e45ebbea63fe7de80c864aed2ed5d0444f299,Z:\ScanOriginal\2016-07-23 ModelSummary__Variance_Swap_Pricing_Model_in_MFL(v3.0).pdf,pdf,722760,1633099048,2026-07-26 19:12:06,
ca0c313dbd60bea351a56f5ce65a91f31d7f7c5c6e7b102fa39dfbfd6f28f5bd,Z:\ScanOriginal\2016-08-24 23484_Variance Swap Pricing Model in MFL_20160824 Final.pdf,pdf,504192,1633099048,2026-07-26 19:12:06,
f10ba933601ca647edcac68b88c8239ec6aaf384c3dfa0d689dafdf2b00e66ac,Z:\ScanOriginal\2018-04-12 20211008_085506_Raven_Scan.pdf,pdf,224292,1633701333,2026-07-26 19:12:06,
fd51940e1b743630cc67bf0b3eabfa0e4da63d8e0fdf9e61e135c010a7107863,Z:\ScanOriginal\2021-10-08 20211008_085613_Raven_Scan.pdf,pdf,225161,1633701399,2026-07-26 19:12:06,
329118879a018c341311334f0f937e44de614ff8777bc56a3b65a4827e56689e,Z:\ScanOriginal\2021-10-12 20211012_170140_Raven_Scan.pdf,pdf,103303,1634076118,2026-07-26 19:12:06,
68ca2041db43092378f99a7844f74809b7e33753f51a203dbcbe3bfdbc37461b,Z:\ScanOriginal\2021-10-26 20211026_173637_Raven_Scan.pdf,pdf,634244,1635287882,2026-07-26 19:12:06,
2cb32d590d005e6ad0716f040aa3ff4c093d8431a7b7a5a5a463f757d61ef518,Z:\ScanOriginal\2021-10-28 20211028_122226_Raven_Scan.pdf,pdf,553246,1635441766,2026-07-26 19:12:06,
eac42532411cd64f9d8465df881b10978e278858f0eda10ae4bfd75981f4d73a,Z:\ScanOriginal\2011-11-25 ModelSummary__Asian_Best_Performer_Payoff_Function_in_MFL(v3.0).pdf,pdf,73964,1636139160,2026-07-26 19:12:06,
37382c3f4e1573014347e013f91ee67f6ba40927848a53f9413b00aa6974be46,Z:\ScanOriginal\2021-11-05 VettingRequest__Asian_Best_Performer_Payoff_Function_in_MFL.pdf,pdf,22850,1636139160,2026-07-26 19:12:06,
50d63346c0223d1bb153c0ad082b95564caac0051eb01bbfcdb5bf4b2c27babb,Z:\ScanOriginal\2012-09-23 ModelSummary__Asian_Best_Performer_Options_with_Volatility_Skew_in_TraderEH(v1.0).pdf,pdf,35480,1636139220,2026-07-26 19:12:06,
acd4789c13d273ec237f32905a29b7fb969eac05f1f43b6f8831755b3d4a05c9,"Z:\ScanOriginal\2016-02-01 12027,23627,21940,21946,21945,21660_MV Review on MFL Library Release Review February 2016_20160504.pdf",pdf,185841,1636139220,2026-07-26 19:12:06,
644698bd787678e39e24cf09e0637beb906b47a11bfc1e263893483977b56a73,Z:\ScanOriginal\2011-02-09 VettingRequest__Capped_Structure_Payoff_Function_in_MFL.pdf,pdf,22351,1636571640,2026-07-26 19:12:07,
ae490df9042a6c1d7f3b799f528aec33b3ec9bdae6c157abe7a42ea8f6280be1,Z:\ScanOriginal\2011-11-25 ModelSummary__Capped_Structure_Payoff_Function_in_MFL(v3.0).pdf,pdf,74980,1636571640,2026-07-26 19:12:07,
039bd1c1a43b6f0c70da164573807fef94dba2d9882a6ded81b14b1f19629115,Z:\ScanOriginal\2011-04-29 ModelSummary__Yield_Generator_Options_with_Volatility_Skew_in_TraderEH(v3.0).pdf,pdf,28718,1636571820,2026-07-26 19:12:07,
24cf7b5f73a9196f5370991e4e6ac70910728719bc3ffa42fa8c514344e88b96,Z:\ScanOriginal\2011-11-25 ModelSummary__Yield_Generator_Payoff_Function_in_MFL(v3.0).pdf,pdf,76694,1636571820,2026-07-26 19:12:07,
51637a697d500dcb5ca33a2c3ea76cf4054641cdc9ca2ec49dbfe9fb18f863c1,Z:\ScanOriginal\2012-09-13 ModelChangeSummary__Yield_Generator_Payoff_Function_in_MFL(v1.0).pdf,pdf,25387,1636571820,2026-07-26 19:12:07,
19e9b552d1ce78f950d604996b75459a89f8466bd762ab8a7924c0718b6ba2eb,Z:\ScanOriginal\2021-11-10 Trader EH Release Summary - 20160214 (1).pdf,pdf,214962,1636571820,2026-07-26 19:12:07,
8a62c8b2d0a24ccf027762d9a6e5c8157da57baada78e97c6dc9a7adff7a2d3a,Z:\ScanOriginal\2012-12-06 VettingRequest__Fund_Linked_Note_Payoff_Model_in_MFL (1).pdf,pdf,11085,1636572660,2026-07-26 19:12:07,
76df9e772d0d35520f16fd17268e197c2906a6cc3e900ecacff79438011e3e0a,Z:\ScanOriginal\2013-03-08 ModelSummary__Fund_Linked_Note_Payoff_Model_in_MFL(v3.0) (1).pdf,pdf,66802,1636572660,2026-07-26 19:12:07,
1f88fe7b451a13250c2d8a98d2173b66f5fbc26dd1291082c6fb90d2a2869f93,Z:\ScanOriginal\1997-03-01 CreditMetrics (1).pdf,pdf,1417235,1636573026,2026-07-26 19:12:07,
e2fb5c248d3bc675dc60ba2dc59044f3dd418abd9657017582122ebed442a073,Z:\ScanOriginal\2013-04-18 20740_Fund Linked Note Payoff Model in MFL_2013-04-18 (1).pdf,pdf,299836,1636573026,2026-07-26 19:12:07,
18cf798aff9105190de539f95a2353ab861a376b47eee98e72bb6268dbdb1a16,Z:\ScanOriginal\2011-02-10 VettingRequest__Cliquet_Payoff_Function_in_MFL (1).pdf,pdf,22292,1636573620,2026-07-26 19:12:07,
d64366b5f6e81480012983122acfd5d6455fa531923b9dcf237736d73a256f36,Z:\ScanOriginal\2011-04-07 ModelSummary__Quanto_Monte_Carlo_Engine_in_MFL(v4.0) (1) (1).pdf,pdf,132838,1636573620,2026-07-26 19:12:07,
b66f1475571d3558d8dc5cb09ebb1f9b4934db066ec56bcbc4009facea045c6e,Z:\ScanOriginal\2011-11-25 ModelSummary__Cliquet_Payoff_Function_in_MFL(v2.0) (1) (1).pdf,pdf,71804,1636573620,2026-07-26 19:12:07,
0a1b61efc2081cf351490f8d40fa01d444d2d1ce8a853047f53121205a7c5a50,Z:\ScanOriginal\2012-03-12 ModelSummary__Cliquet_Options_with_Volatility_Skew_in_TraderEH(v4.0) (1).pdf,pdf,23484,1636573620,2026-07-26 19:12:07,
e63ade9283604534b00638de48013912f628279443037b9ebbe7c41941b1d211,Z:\ScanOriginal\2017-09-13 User_Engagement_Fund_Basket_Option_4.pdf,pdf,80287,1636573860,2026-07-26 19:12:07,
ae74cc7fc016e57ac4a1a8104feda0fbe086ae7d7f194c49c9db596c230f5017,Z:\ScanOriginal\2017-09-01 MFL_Library_Release_Review_September2017(v2.0).pdf,pdf,690194,1636574298,2026-07-26 19:12:07,
a46c19b23a675db6762fb852265a083db1b4a4654d919277b1c309324bea94fb,Z:\ScanOriginal\2018-03-23 ModelDocumentation_Fund_Basket_Option_Pricing_Model_in_MFL(v3.0).pdf,pdf,777434,1636574298,2026-07-26 19:12:07,
f09111125584091a5a8789239f9ad03be546f433f98d54e6deeed3166446ab40,Z:\ScanOriginal\2018-03-29 29033_MV.pdf,pdf,1118653,1636574298,2026-07-26 19:12:07,
84b6850306f09bd2315e37fce48a0cc08a7de641bd0df2776578cdc60a776d5e,Z:\ScanOriginal\2011-11-25 ModelSummary__Callable_Range_Accrual_Payoff_Function_in_MFL(v3.0) (1).pdf,pdf,83422,1636574880,2026-07-26 19:12:07,
5a6c969b3adafe97f042c15626cfeed20d36374dd789e58e5a53b0f1905a4333,Z:\ScanOriginal\2021-08-20 11775_ElectronicDecisionRecordReport_Reverse Convertible Bond Pricing Model in MFL_20210820.pdf,pdf,105736,1636574880,2026-07-26 19:12:07,
a540d5719ebdd40fab76ec0726cbaae2b365df251a1c9a281280c878536cdb59,Z:\ScanOriginal\2021-07-31 11775_ModelValidationReport_Reverse Convertible Bond Pricing Model in MFL_20210820.pdf,pdf,915252,1636726649,2026-07-26 19:12:07,
0e656551290d729d4695febd41a28cb57c6a6e21a7c84c48769c6d6268f62f84,Z:\ScanOriginal\2020-08-01 11775_MD.pdf,pdf,744846,1636726650,2026-07-26 19:12:07,
33ee77659d9aa60be84020ec4684e64b7529f9a2eaae24293d3c1de035ce4d5f,Z:\ScanOriginal\2020-08-01 11775_ModelDocumentation_Reverse Convertible Bond Pricing Model in MFL_20210820.pdf,pdf,1577082,1636726650,2026-07-26 19:12:07,
5f05fbb2959ff4991d561016965aef5d5e2a51f5bf89aeba6284a1e967d3892d,Z:\ScanOriginal\2011-11-28 Model Summary - Guaranteed Withdrawal Payoff.pdf,pdf,66769,1637073960,2026-07-26 19:12:07,
fd645ba9d6846c7f8b1a052b188a03f5a9f70984ac511a31f7d8b72e480486d9,Z:\ScanOriginal\2011-11-28 ModelSummary__Guaranteed_Withdrawal_Note_Payoff_Model_in_MFL(v2.0).pdf,pdf,67480,1637073960,2026-07-26 19:12:07,
5d84f732d7d38f0f145e6d0d97058fabe1a524f22d2efa749430cb83e3e203df,Z:\ScanOriginal\2012-02-29 Vetting Report- Guaranteed Withdrawal Note Payoff in MFL.pdf,pdf,288252,1637074018,2026-07-26 19:12:07,
0b7609b55c68f04678eb69296a2a628c3ae292e1d46429fda926c677decfb221,Z:\ScanOriginal\2013-10-08 VettingRequest__Gap_Option_Payoff_Model_in_MFL.pdf,pdf,11012,1637074080,2026-07-26 19:12:07,
9f7e34c181861947444f1f7c4afd7646fbf15bf753eb26966efb9a0d796006f5,Z:\ScanOriginal\2013-11-13 ModelSummary__Gap_Option_Payoff_Model_in_MFL(v2.0).pdf,pdf,90892,1637074080,2026-07-26 19:12:07,
ac27010ca067b4482ef537c2afb3755e5622dfb566cd3f07f3c90b948e989a03,Z:\ScanOriginal\2017-02-02 UserEngagement_StableGrowthNote2 (1).pdf,pdf,185943,1637083920,2026-07-26 19:12:07,
95407ee8f481f56012ef7d29f9029413392e425c82e6c6f99a3048aee69754ac,Z:\ScanOriginal\2017-02-11 ModelSummary__Stable_Growth_Note_Pricing_Model_in_MFL(v1.0) (1).pdf,pdf,502821,1637084336,2026-07-26 19:12:07,
1eceb992b504b845fe6565ccbb1f8fb7eae7a5b133209e77d3ac9c2b59a7987a,Z:\ScanOriginal\2017-06-29 29030_MV (1).pdf,pdf,1152660,1637084336,2026-07-26 19:12:07,
e595736c72478a7681aec77ba6a00253395600549c7a3474da8e0e3d0a59323c,Z:\ScanOriginal\2016-07-25 26145_Leveraged Fund Pricing Model_20160725.pdf,pdf,242835,1637088120,2026-07-26 19:12:08,
f7ceb8841a58e15593a1550a472bf2ab3f72fa85caaeedbcbb2f439f548cb70e,Z:\ScanOriginal\2014-12-31 UserEngagement_LeveragedFund.pdf,pdf,333375,1637088274,2026-07-26 19:12:08,
f4c8618682d89bdc2066bd079ec4cff2189f69755d71030351a1518596fe4449,Z:\ScanOriginal\2015-07-12 ModelSummary__Leveraged_Fund_Pricing_Model_in_MFL(v4.0).pdf,pdf,988567,1637088274,2026-07-26 19:12:08,
c82f58f4d66929914be4e11a1119f2db0c1edd1678286bcdae8db2633a25157f,Z:\ScanOriginal\2021-10-11 20211121_130027_Raven_Scan.pdf,pdf,763957,1637521253,2026-07-26 19:12:08,
808b77680b9a9d193a87ceb333fd75cb2c990c4501306d40ea4847c24e93e240,Z:\ScanOriginal\2021-11-22 20211122_135406_Raven_Scan.pdf,pdf,830417,1637607272,2026-07-26 19:12:08,
8f65ee097136149f6be769f8217c53af1889bb42f53fd561c13f25f805d8ea07,Z:\ScanOriginal\2021-11-23 20211123_113128_Raven_Scan.pdf,pdf,983836,1637685176,2026-07-26 19:12:08,
f565a7badd6484510fa7958f157d746a8210bc7cb8195abc6ef0bddf84439ba4,Z:\ScanOriginal\2021-11-23 20211123_113409_Raven_Scan.pdf,pdf,1088846,1637685280,2026-07-26 19:12:08,
21c6214311b754bf9d523cd0bd26a9b89a0bf67724a33b488cc768c9557c145a,Z:\ScanOriginal\2021-12-03 20211203_144704_Raven_Scan.pdf,pdf,987124,1638560861,2026-07-26 19:12:08,
76533e3eef49c6a428ca91b668dcb176b9bc091bbf4778b48cd2187ee53c21f9,Z:\ScanOriginal\2016-01-06 20211208_083526_Raven_Scan.pdf,pdf,2494582,1638970549,2026-07-26 19:12:08,
dff9c5ab94f47a250237ae73fe9a0827e0594c586827f6874405741f4bf50764,Z:\ScanOriginal\2016-01-06 20211208_083843_Raven_Scan.pdf,pdf,2498301,1638970759,2026-07-26 19:12:08,
2033892fb16bfe8b52d8eb3f9735affca69fbc11727c16248f6c26508f7c26a8,Z:\ScanOriginal\2020-10-31 27165_ModelDocumentation_BFG Stress Testing in NextGen_20210128.pdf,pdf,610113,1640016148,2026-07-26 19:12:08,
ff37bfac239def2ab59cc5efbcb64036d16f2c98b2c7363136f7ec2ddacaa98f,Z:\ScanOriginal\2021-10-11 20211222_172053_Raven_Scan.pdf,pdf,907416,1640211674,2026-07-26 19:12:08,
12ee2c82c8a29740ac116786c83136358bd899e6ea5bfef27e97a67f8218ae9f,Z:\ScanOriginal\2021-07-09 BMOIR.pdf,pdf,3515712,1642454823,2026-07-26 19:12:08,
77310a5aa01d9b4ca7666aec9922dd66ea07b0f68b8ed3c88dab3f9bc1450c19,Z:\ScanOriginal\2021-12-31 memberStatementDetails 2021yr.pdf,pdf,296573,1642542568,2026-07-26 19:12:08,
1e360c20a736b4b457b1590c9f128991aaf9d0411b2426054af5e9fafc912b05,Z:\ScanOriginal\2022-01-22 View remitting requirements - RP account.pdf,pdf,71383,1642892949,2026-07-26 19:12:08,
c05c1c865aeff2e8cecc0771a75e022c67e621b548cbd6fc3f41c133460a1d79,Z:\ScanOriginal\2022-02-07 20220126_094714_Raven_Scan.pdf,pdf,1021550,1643208469,2026-07-26 19:12:08,
644676090748b885b7833c3d0dd11dad0a994a5e8c41f2ebe74081b7e377738a,Z:\ScanOriginal\2022-01-26 20220126_094932_Raven_Scan.pdf,pdf,356529,1643208598,2026-07-26 19:12:08,
64fb4ff26f4e36f1ceb34b603f1f4071966a2a579e68e6c74bdab6041753d22e,Z:\ScanOriginal\2021-12-15 20220126_095114_Raven_Scan.pdf,pdf,1569463,1643208721,2026-07-26 19:12:08,
72a1bf26a08df3e459cb7aaa8b3f7655060e2ab80c33f58e7237e03e29b84223,Z:\ScanOriginal\2022-01-26 20220126_095437_Raven_Scan.pdf,pdf,1374333,1643208916,2026-07-26 19:12:08,
7108a67e40c9d36d33307c88774639657e035d809bd1f291cd46979bd41879a9,Z:\ScanOriginal\2022-01-26 20220126_102507_Raven_Scan.pdf,pdf,2878725,1643210775,2026-07-26 19:12:08,
8f58fd33bdacb5fc0ae2bb426168c5ef260bc99de79117ce74443679d5e722b2,Z:\ScanOriginal\2021-10-12 20220126_191720_Raven_Scan.pdf,pdf,811129,1643242721,2026-07-26 19:12:08,
c958ac76ec42a4b3a9360dee19f42d8b3daf8f0404fb2cc7d4f34d4e90f9b3ae,Z:\ScanOriginal\2021-01-09 20220205_191738_Raven_Scan.pdf,pdf,397142,1644106679,2026-07-26 19:12:08,
d66640ec75047cb1ce630276f651d3f5c212b7b42939687783af51b6e41adfe3,Z:\ScanOriginal\2022-02-12 20220212_195750_Raven_Scan.pdf,pdf,146745,1644713890,2026-07-26 19:12:08,
b27eb16bbe0bd3e6e71e0bd775586daf6938e2ff5fa9a0b7929f9993eca47025,Z:\ScanOriginal\2022-02-12 20220212_195826_Raven_Scan.pdf,pdf,679960,1644713930,2026-07-26 19:12:08,
f4e60d3d6a989d26e277937a9078922fab2f484a23f891e7f88bb40fda516c58,Z:\ScanOriginal\2021-12-31 20220212_195927_Raven_Scan.pdf,pdf,1628464,1644714003,2026-07-26 19:12:08,
7c3359d95e151118301a1391ab4b177ca850a30132f69cf517c12e93ec8baca0,Z:\ScanOriginal\2022-02-20 20220220_104333_Raven_Scan.pdf,pdf,369223,1645371886,2026-07-26 19:12:08,
7e7bd86803244cf876a01a687d262ee34da0e2c6dd63c963f672b9c68e5c5d2f,Z:\ScanOriginal\2022-05-01 20220220_104437_Raven_Scan.pdf,pdf,208625,1645371889,2026-07-26 19:12:08,
fefe94a76c49214181d542415a613b96d4af090ea0b08c0bed86a6dbd0a6c905,Z:\ScanOriginal\2020-05-09 Xiaoning Yang T4 Statement for 2021.pdf,pdf,89450,1645713854,2026-07-26 19:12:08,
ce724cf4ed815b571a7c24fc76813cbb4a6827baf292c444ea4aeb913cda1807,Z:\ScanOriginal\2022-02-25 20220225_142934_Raven_Scan.pdf,pdf,600667,1645817403,2026-07-26 19:12:08,
5b6c44297ace93277d082732431edba22205a594953337f9027e4b7f9edecf46,Z:\ScanOriginal\2022-02-25 20220225_143102_Raven_Scan.pdf,pdf,536638,1645817483,2026-07-26 19:12:08,
1cf05d9e3a9996b4ce6ddd61dfbbe8c51982967c29883086aad7648f0ef42e69,Z:\ScanOriginal\2022-02-25 20220225_153857_Raven_Scan.pdf,pdf,132756,1645821554,2026-07-26 19:12:08,
3496a1109f31b011e8bb09dfc3ce936c0621f7b50a7fbd5b900f4136f92080d4,Z:\ScanOriginal\2022-02-25 20220225_182211_Raven_Scan.pdf,pdf,591081,1645831352,2026-07-26 19:12:08,
4bd7ad7b7b5de7851a01619f5c879f9787c8d29c6248e2890fbd65b2b4ea3bb1,Z:\ScanOriginal\2022-02-25 20220225_182312_Raven_Scan.pdf,pdf,543893,1645831412,2026-07-26 19:12:10,
6c8309f8eba0e8125f21ec24de821167812583e54513f6de16dc5669a708f152,Z:\ScanOriginal\2022-10-02 20220227_180442_Raven_Scan.pdf,pdf,690465,1646003115,2026-07-26 19:12:10,
e709b73c61c47280e32abccb6cd9b299c4042b8267354e5e74b92d68ebc918ef,Z:\ScanOriginal\2022-02-27 20220227_180958_Raven_Scan.pdf,pdf,385500,1646003424,2026-07-26 19:12:10,
a6eda96cefd4a8e01435081523ca0ffdb899b9e116266b4d242de19cd123681e,Z:\ScanOriginal\2021-07-01 LiborReform.pdf,pdf,2650350,1647029658,2026-07-26 19:12:10,
5e02913335fb487fec6b0bd32910239b10151366cebf3357d068f46f33c559a0,Z:\ScanOriginal\2021-12-01 libor_migration.pdf,pdf,1547926,1647029754,2026-07-26 19:12:10,
7759944a480da37b9e4cc67955d03fc7b0fefc843c5f7159e250d1f907e9d671,Z:\ScanOriginal\2018-04-01 BOOverview.pdf,pdf,493279,1647113140,2026-07-26 19:12:10,
17b2b6c138cbbeca7e8be11a3d83df44b5d96d424608d7711d81b6115fe45e75,Z:\ScanOriginal\2021-03-01 AllCalypsoReports.pdf,pdf,141854,1647113150,2026-07-26 19:12:10,
a7c5d2b1a301b5cddd6ee4b65122652c46027185160776a522e6968147e534cc,Z:\ScanOriginal\2018-11-01 TradeBlotter.pdf,pdf,3474617,1647113160,2026-07-26 19:12:10,
697f62901ba7f4f50da4dd43e8b73fd610f8c9071c5a532fc3f46f8378838268,Z:\ScanOriginal\2021-12-01 PricingSheetUsage.pdf,pdf,17688520,1647113192,2026-07-26 19:12:10,
96ab8fb4e447053889cf1fd8588782f3f2e6b82b308789a5621e9addaceed4c4,Z:\ScanOriginal\2021-08-01 PDFSetup.pdf,pdf,10208588,1647113434,2026-07-26 19:12:10,
9b93b922c7d3b58eb7a72c54e99050aae292972cdfa01304bd1d0a3e215e5eec,Z:\ScanOriginal\2019-06-01 PDF_GettingStarted.pdf,pdf,2035452,1647113462,2026-07-26 19:12:10,
a801cbd74ee8c21bf1cf71c372f231d52fae07842dc16ab0dec59a48804ebd8e,Z:\ScanOriginal\2021-07-01 PDFLivePL.pdf,pdf,15789166,1647113490,2026-07-26 19:12:10,
e660c6da8840d0f4fe982d380c0c10e387c6e2f19afb293270ad265f20de2c63,Z:\ScanOriginal\2021-03-01 PDF_LivePLImplementation.pdf,pdf,1292179,1647113492,2026-07-26 19:12:10,
45d599483b0f163d48ce89747548eb077883c527463276ece5166e831457dc70,Z:\ScanOriginal\2021-03-01 PDF_BPS.pdf,pdf,2211139,1647113516,2026-07-26 19:12:10,
2124a1b2711258718b1ea635d08a52aa81991a73a4bf8d2dc1e80fd1c32770fb,Z:\ScanOriginal\2021-04-01 PDF_IRD-Pricers.pdf,pdf,3106841,1647113530,2026-07-26 19:12:10,
4738d502a98cea768d801eaed591cce2a9189f5d4de15ff30abf593f3fb2078a,Z:\ScanOriginal\2021-12-01 Fees.pdf,pdf,6551502,1647113572,2026-07-26 19:12:10,
d27a63fe16d98ee7c524d3cb98dcd739054a3841deee2160deb497b0394500fb,Z:\ScanOriginal\2018-04-01 TradeBundles.pdf,pdf,2344214,1647113586,2026-07-26 19:12:10,
8cd366c267145cf465865a8d96cbe20a8457e1cdbe65a8479b21d0de3c36df0d,Z:\ScanOriginal\2021-05-01 TradeFilter.pdf,pdf,1230600,1647113624,2026-07-26 19:12:10,
76a84f52edf075d546d0da5f810001c8f8293f3218d8950132b68e8de7595197,Z:\ScanOriginal\2021-11-01 TradingEnvironment.pdf,pdf,9437546,1647113636,2026-07-26 19:12:10,
199a1a9bbe00ec97912c36f6e503b7c949c836c5e4389d898e65f68cd48a48b8,Z:\ScanOriginal\2021-11-01 ProductDetails.pdf,pdf,2181218,1647113642,2026-07-26 19:12:10,
6ba39595c5756f8938d98e0973510fc3d34cd86cc7bb2c0fc1a68e1b5f66f18c,Z:\ScanOriginal\2021-06-01 AssetManagement.pdf,pdf,6578193,1647114192,2026-07-26 19:12:10,
2c02a531a3e76c59d9994ce21699ca9e2ff5f71733056ed07bf1525cefb5c53b,Z:\ScanOriginal\2021-12-01 PortfolioWorkstation.pdf,pdf,18322065,1647114206,2026-07-26 19:12:10,
e1e681c3e4682deabbe77cd83a515d95f3da8e8a3c2b5033257486b1c3c36ffc,Z:\ScanOriginal\2017-05-01 OfficialPLforBuySide.pdf,pdf,1305231,1647114692,2026-07-26 19:12:10,
7836df68f2a197ddd47177e67d7b15939f7e6c344cb38990c429d1e9f88dff8e,Z:\ScanOriginal\2019-11-01 PreciousMetals.pdf,pdf,676827,1647115406,2026-07-26 19:12:10,
a467baecd117899755b8d144755be6fffd4a5e3b412cd72eccce59abe59d0bc9,Z:\ScanOriginal\2019-11-01 CRDTrading.pdf,pdf,6933812,1647115422,2026-07-26 19:12:10,
f6282f5bfdb66300a3e9cd85f9b5aaeed5571b937636815f2c14043789d1453d,Z:\ScanOriginal\2021-12-01 EquityDerivatives.pdf,pdf,7412448,1647115434,2026-07-26 19:12:10,
161b665627aa33e66303cbf53d813a956fec05671838b28a1dd8df0d64d4a5f6,Z:\ScanOriginal\2018-11-01 ContractForDifference.pdf,pdf,1193165,1647115446,2026-07-26 19:12:10,
03a8007e6883196e637f219ab84b8743d38a3c0a68a32d23b08ec95b57943545,Z:\ScanOriginal\2021-09-01 PortfolioSwaps.pdf,pdf,2316748,1647116900,2026-07-26 19:12:10,
9866815c29422bef77e5f8e0334e5763b0a3faf88afe83ccb54c6b664b8e0ab3,Z:\ScanOriginal\2021-04-01 portfolioswap_corporateactions.pdf,pdf,5826407,1647116910,2026-07-26 19:12:10,
0b12995dc0ba3656ebeacc56ba763961cda594ba1c3752be0d7ee3cffd949364,Z:\ScanOriginal\2021-06-01 PricingScript.pdf,pdf,1516758,1647116930,2026-07-26 19:12:10,
83d5d2664d9e56ee0cb0f7341f101c272223e265cb0b517dcc72ace62e484e95,Z:\ScanOriginal\2018-04-01 Exotic.pdf,pdf,1813491,1647116952,2026-07-26 19:12:10,
9873fd593e01d093d48181254f9eb54f2a1b4918b214c41e4d5581b7e8b02a18,Z:\ScanOriginal\2021-06-01 Futures.pdf,pdf,10074926,1647117504,2026-07-26 19:12:10,
31f0ed567ecec4668e645f3d772848c61c9e83f0640324a0fd374a17dea38687,Z:\ScanOriginal\2018-04-01 FXOptionsTrading.pdf,pdf,597619,1647117542,2026-07-26 19:12:12,
f6ba89007cc961890e0b0550b595fd45cfa429c24a48e1fa7c61732dafce7402,Z:\ScanOriginal\2021-07-01 IRDTrading.pdf,pdf,10524594,1647117564,2026-07-26 19:12:12,
6260f20c56b61e091d5aaa8784d3733cc84d84c97ae97317fd03177c2a68c3b2,Z:\ScanOriginal\2021-08-01 Advances.pdf,pdf,5488484,1647117576,2026-07-26 19:12:12,
e5abbc436704297ff147f0b499b51923b7486a8ccd518f740787932c51d1cd36,Z:\ScanOriginal\2019-07-01 MoneyMarket.pdf,pdf,2221521,1647117586,2026-07-26 19:12:12,
d27c6ca78560ddd010df37bde42389b5f0ea981f5f35b39da8036daabc53ad80,Z:\ScanOriginal\2019-08-01 CreditFacilities.pdf,pdf,2256614,1647117598,2026-07-26 19:12:12,
f4e275580e79d1dbdc431ad26e569113a656e4379452873df356f215c2c6979e,Z:\ScanOriginal\2018-04-01 Calibration.pdf,pdf,640300,1647117618,2026-07-26 19:12:12,
135ddbc575ad621a3c42b1919dc249d73dc2ecef8dbb3f78b6ae62661cc5bf7a,Z:\ScanOriginal\2018-11-01 PerformanceSwaps.pdf,pdf,4086384,1647117630,2026-07-26 19:12:12,
c28c8c58471e441a8ccae7d29eb19d3815abc4e0b1aa92e245d0612bcc346796,Z:\ScanOriginal\2021-12-01 RepoTrading.pdf,pdf,18361906,1647117934,2026-07-26 19:12:12,
52402eef8eb6e09dc43f22399486345afd0d3e3b3bd8c227832bf696d6270bd0,Z:\ScanOriginal\2021-12-01 StructuredFlows.pdf,pdf,1524694,1647118010,2026-07-26 19:12:12,
d9d497ef48b9f5e5173841836a36cacc4d5b6d6dc63db645d90340f07ac4e5a9,Z:\ScanOriginal\2020-10-01 MCScenarioAnalytics.pdf,pdf,1693210,1647118506,2026-07-26 19:12:12,
72733cd50f89afe906f1cd6310237804501a1cf095685530f173a62480839eea,Z:\ScanOriginal\2021-08-01 PricingEnv.pdf,pdf,960092,1647118666,2026-07-26 19:12:12,
08b46cecf46ff03f1a995a7f377d23c4f391c4320fe14ce5b62ed837a56131ca,Z:\ScanOriginal\2021-06-01 MarketDataServer.pdf,pdf,3759704,1647118930,2026-07-26 19:12:12,
bff8c85c46c7f7e1e9996a36a5a92df8b3802705ddbd30ab58a1fb63200023af,Z:\ScanOriginal\2019-07-01 CorrelationCovariance.pdf,pdf,1301025,1647118944,2026-07-26 19:12:12,
e9b62b761cd808522d5a5a08b5881eea31c12d29c207be473290bf15dbd9447a,Z:\ScanOriginal\2021-06-01 Curves.pdf,pdf,15950873,1647118972,2026-07-26 19:12:12,
67c55e6a9f34d0f6fe7ef7bcc7f00f98ceea6aca4e1a06dbbb602e0bea33942a,Z:\ScanOriginal\2018-04-01 FXCurves.pdf,pdf,609339,1647118974,2026-07-26 19:12:12,
8b64f783d0f3f7f5e5aef450c247c6b1c7348f2aa8a2bd15fd1f4d56e16dbb33,Z:\ScanOriginal\2021-03-01 FXVolatilitySurfaces.pdf,pdf,890936,1647118988,2026-07-26 19:12:12,
5b173d2fc7b70e092450fb8e96f106e150e54a0f324ce4c76a49506bfb01a0dd,Z:\ScanOriginal\2015-09-01 MarketQuotes.pdf,pdf,462392,1647119030,2026-07-26 19:12:12,
c4712357df91d1b2b8a877e2304d5fb8ef0fcf25d77f41d2aced89bc84b65f25,Z:\ScanOriginal\2019-06-01 VolatilitySurface.pdf,pdf,6044219,1647119058,2026-07-26 19:12:12,
1aef6e16f9d7774d9384323e128fc445223989aa9d710d228ba59a078232bb63,Z:\ScanOriginal\2015-08-01 calib_userguide.pdf,pdf,7149056,1647119154,2026-07-26 19:12:12,
0336f3940424d532131d7d48ca99b93cbe3fe8e728f1d332d968ca99deb0f711,Z:\ScanOriginal\2018-04-01 analytics_cmd.pdf,pdf,922901,1647119656,2026-07-26 19:12:12,
0e8f38507c1bb18aab634c7ce98fdea8eec97ab5eeff976b17d510c94a856dd0,Z:\ScanOriginal\2020-10-01 analytics_crd.pdf,pdf,1374141,1647119666,2026-07-26 19:12:12,
826cf43b3386bace42797c7f452e4ba8283b6941f9e44c0dac34ee581d74e926,Z:\ScanOriginal\2021-12-01 analytics_eqd.pdf,pdf,559314,1647119676,2026-07-26 19:12:12,
302db6dde508ba6113ecf3b6b1f6745cf2a335a9737d2f97f0cbff7b97ca10fb,Z:\ScanOriginal\2021-02-01 analytics_fxmm.pdf,pdf,655138,1647119688,2026-07-26 19:12:12,
81eda4a6b55156efa020281a4471a82ee4e4335da64d037d5bd7a1c2121becab,Z:\ScanOriginal\2013-07-01 FXOPricers.pdf,pdf,2092461,1647119706,2026-07-26 19:12:12,
5a534ae4f3d432c34748fe7b55a9144e1b44f93fd563d9cd8ff14593e3c4b087,Z:\ScanOriginal\2018-04-01 analytics_inflation.pdf,pdf,512412,1647119718,2026-07-26 19:12:12,
5763d2452b71877295f5a5ed36b9822960604d9e9694b66f2905c3ee806bfb9b,Z:\ScanOriginal\2021-09-01 analytics_ird.pdf,pdf,1011391,1647119736,2026-07-26 19:12:12,
10733da2332ad789e740851e09b785762031d1ebbd9d9761ab6058fceb4d530c,Z:\ScanOriginal\2021-12-01 yieldcurves.pdf,pdf,2598037,1647119756,2026-07-26 19:12:12,
3f0862d848644333820bd598f0f1aa9f800f09c2a79ef6decf8ebe4ace04ff00,Z:\ScanOriginal\2021-01-01 BlendedRateEngine.pdf,pdf,3167533,1647119874,2026-07-26 19:12:12,
da66091a646e6d7ad9bb64f042b53b4606996c544b817d4deb4675da37180454,Z:\ScanOriginal\2019-03-01 Recon.pdf,pdf,4201130,1647119980,2026-07-26 19:12:12,
f6e11fa28595c8240037e6fa5f590507f95b6caceeb5be74e276e1b57254735d,Z:\ScanOriginal\2018-07-01 ComplianceOverview.pdf,pdf,2901573,1647120296,2026-07-26 19:12:12,
51dd1f3bab81ea58c0e9238b1461bd8f4c39230681b2876414cc73ff6e211b94,Z:\ScanOriginal\2021-10-01 ForwardLadderPDF.pdf,pdf,6839342,1647120592,2026-07-26 19:12:12,
ebaebebb4be1585eff8fe5a4cd52832004cb54641e6f6ce90f54149a976c816d,Z:\ScanOriginal\2020-12-01 ALGapPDF.pdf,pdf,3408435,1647120648,2026-07-26 19:12:12,
524d9ca54b6e25bd6c8aa3e6ac7aa4a42826135ff844a5c936c3ca2367b77b52,Z:\ScanOriginal\2020-12-01 CashLadderPDF.pdf,pdf,3371714,1647120854,2026-07-26 19:12:13,
e37c758ced764d6854305397d65d09865e0f45b225f02759aab9987474dcead4,Z:\ScanOriginal\2022-03-12 Collateral_RepoPDF.pdf,pdf,5647477,1647120996,2026-07-26 19:12:13,
5091423efa4b0a8d984ac6eafe9cab7f115ef733a6d0d796b8811b5464af10f8,Z:\ScanOriginal\2021-12-01 BilateralMargin.pdf,pdf,10584824,1647121538,2026-07-26 19:12:13,
8f5d348f87c5b7a5bc3d31a5d0392bb8d80697b51508d56d4f6797f001b7714e,Z:\ScanOriginal\2018-01-01 MarkitIntegration15Suite.pdf,pdf,968985,1647121618,2026-07-26 19:12:13,
804c6f8a41b05b2c8386ae7d6b0cc118a941f4eefea0118d3f38f49ce74724c2,Z:\ScanOriginal\2019-02-01 RiskConfig.pdf,pdf,390363,1647126198,2026-07-26 19:12:13,
b49c17c638618de707327522bacb8553b6250775712f735546be9d44c98a0d0c,Z:\ScanOriginal\2018-11-01 MultiSensitivity.pdf,pdf,547327,1647126244,2026-07-26 19:12:13,
50373d77813c0583fdd94693c0d4c23e59b67bb02b137e271112fece85f53c68,Z:\ScanOriginal\2018-04-01 OptionLifecycle.pdf,pdf,817067,1647126356,2026-07-26 19:12:13,
99eecc5812328349274d10f942c936aef14babc673ffc0e29aac8e31090753e5,Z:\ScanOriginal\2021-09-01 Pricing.pdf,pdf,376130,1647126364,2026-07-26 19:12:13,
4d2f39b266891067db50b1d05f2ba197b2e659b61671169af20267bfe0e4627d,Z:\ScanOriginal\2021-09-01 User_Guide_Scenario.pdf,pdf,6126315,1647126376,2026-07-26 19:12:13,
fb1a4ab8fd9a2718c29d1ed02f4e451015e60b54652fdebbe2e1ca224b57f913,Z:\ScanOriginal\2021-11-01 Sensitivity.pdf,pdf,1964791,1647126382,2026-07-26 19:12:13,
799643f2109e4bd42c602ff8b48151b0e3fb1504a6b4460dbd70ef0065f33710,Z:\ScanOriginal\2020-11-01 Simulation.pdf,pdf,1593920,1647126472,2026-07-26 19:12:13,
1c34640b1e4b96e45054853b113061e6616aa5def0fca5b70066b698f62eac24,Z:\ScanOriginal\2014-10-01 FXOptionsRiskReporting.pdf,pdf,1994963,1647126502,2026-07-26 19:12:13,
e0eaddbc5d2b0e91ccabac60ac0661eeee9deeb40ad27c9dd4c58e915305a9c5,Z:\ScanOriginal\2021-12-01 Messages.pdf,pdf,4300388,1647126574,2026-07-26 19:12:13,
ae7360efaedffead4a4128433156cad8d67184d651d71fc816df399bfc602cf0,Z:\ScanOriginal\2021-12-01 SwiftList.pdf,pdf,894463,1647126580,2026-07-26 19:12:13,
26679954995300c71f64d55617e8719dddd8720782096d7d7de06bb4e021f45a,Z:\ScanOriginal\2021-12-01 Matching.pdf,pdf,9796115,1647126592,2026-07-26 19:12:13,
97f8d59ffd20cabcb7c9a109594787e6ba962a999f31aa6728a8684873a9d77b,Z:\ScanOriginal\2021-06-01 MessageGrouping.pdf,pdf,1636073,1647126596,2026-07-26 19:12:13,
eb8c4a98e957e5bf8f828eb5f9a8df8640f2caf2101dcb26fa5d870acd14baa3,Z:\ScanOriginal\2021-12-01 MiFIDIIReporting.pdf,pdf,951065,1647126604,2026-07-26 19:12:13,
7cff2d2aae66e3fc85d6f361d29dd4afbd635b8bde8f0540732ff6639a9a5ccf,Z:\ScanOriginal\2021-10-01 Settlements.pdf,pdf,9209677,1647126670,2026-07-26 19:12:13,
2edf7edc1e7f35d524b876f581697eca7484b05351eaee8daca96fa7a5efe885,Z:\ScanOriginal\2021-12-01 MXPaymentMessages.pdf,pdf,2841317,1647126684,2026-07-26 19:12:13,
9317154533d1da40c8c1f8107922ef3ec40711eecb2210db440047234201f656,Z:\ScanOriginal\2021-11-01 NewTaskStation.pdf,pdf,3931529,1647126704,2026-07-26 19:12:13,
b2eda3893a3938c991756039e75acccda5859a2f75a9ca9dabf9dc4ec6cc1fdc,Z:\ScanOriginal\2020-03-01 Ivan Yang Tax year 2020 Notice_of_assessment_2021_03_15_15_48_04_200898 (1).pdf,pdf,20481,1647190596,2026-07-26 19:12:13,
aab81953618d6ec8aa355187d6b01b658785b55617e6f55c6fcd1dd4eee703ce,Z:\ScanOriginal\2022-03-13 Ivan Yang tax year  2021 RBC DIRECT INVESTING INC._RBC PLACEMENTS EN DIRECT INC._ORIGINAL_T5_1.pdf,pdf,66482,1647190723,2026-07-26 19:12:13,
2177c1319d15e9eff35e43880009592cf0486e5a5e983e6f4f4b79aff774fe8f,Z:\ScanOriginal\2021-03-01 Ivan Yang Tax year 2021 taxInformationSlips.pdf,pdf,11000,1647190827,2026-07-26 19:12:13,
5f2790b67b37e063489da4d5a453f351a961ab0a916d5dc1b410f2bb2e76d6f6,Z:\ScanOriginal\2020-03-01 Yang Chen Tax year 2021 CCB_notice_2021_06_30_00_00_12_849297.pdf,pdf,21057,1647191286,2026-07-26 19:12:13,
31bb46c938f1dcc53bd7be8935442212bb71d3466746c773d87308ed5c26fcc7,Z:\ScanOriginal\2020-03-01 Yang Chen Tax year 2020Notice_of_assessment_2021_03_15_15_48_04_194524.pdf,pdf,20577,1647191445,2026-07-26 19:12:13,
b6f2da1d88c558e04f15bc36bc7bdc94bbd095fb960a5b233c82dc072d3f7a87,Z:\ScanOriginal\2021-03-01 Yang Chen Tax year 2021 taxInformationSlips (1).pdf,pdf,8968,1647191597,2026-07-26 19:12:13,
e9cd8e4366a617a20953b755f468f55392ec59416db03e707a33a705a7ef059e,Z:\ScanOriginal\2022-03-16 20220316_085800_Raven_Scan.pdf,pdf,1633766,1647435523,2026-07-26 19:12:13,
6690ff71b2b61d96cbe6fca5787dc44c6fe72edc1c98569d730a987ed1476302,Z:\ScanOriginal\2022-03-20 Xiaoning_Yang_T1_2021.pdf,pdf,927789,1647829550,2026-07-26 19:12:13,
3a95a7dd909e107ba8a5dafd4a6568dd4716f8b56e836218ad86deb5cb657690,Z:\ScanOriginal\2022-03-20 Yang_Chen_T1_2021.pdf,pdf,1072801,1647829797,2026-07-26 19:12:13,
49bcdd42821342cc5c48a30c19d69e3c9134bb35df294c1e02c82cc5e32e3763,Z:\ScanOriginal\2022-02-01 20220326_184241_Raven_Scan.pdf,pdf,214859,1648334584,2026-07-26 19:12:13,
a86e537cfeede5883d33d0305ed67ecfda5c531b55c79b7277aca0254a198b0b,Z:\ScanOriginal\2022-03-26 20220326_184328_Raven_Scan.pdf,pdf,145667,1648334629,2026-07-26 19:12:13,
46b9a1fe5974e66f63e2218574a16c08cbd4b11b9f2eac54835f76ec17fe5811,Z:\ScanOriginal\2022-03-04 20220326_184348_Raven_Scan.pdf,pdf,136882,1648334648,2026-07-26 19:12:13,
3cab63730999ca3a2311e383a16884f26e0212a2b06ccafdf66e7f596a82255e,Z:\ScanOriginal\2022-10-03 20220326_184658_Raven_Scan.pdf,pdf,704587,1648334851,2026-07-26 19:12:14,
c7262f7287dfa6b279a744f3d478d9e678b53557c7d5d7d15e76062ffddd11ad,Z:\ScanOriginal\2022-03-31 20220411_104046_Raven_Scan.pdf,pdf,145348,1649688087,2026-07-26 19:12:14,
0dd26096d028d8fc4a73eceeb32b92fb87580e39eb1aab13044fc22c5ab90a33,Z:\ScanOriginal\2021-01-07 20220413_200659_Raven_Scan.pdf,pdf,69239,1649894873,2026-07-26 19:12:14,
645a6b5e52af1baba57e8dca500c87c5ae112c54dc65eeb128ccc8c02b67d7e8,Z:\ScanOriginal\2013-03-01 MFL User Manual.pdf,pdf,1683703,1650478798,2026-07-26 19:12:14,
417169fc29c592098ecc0daf731c6295d4a9c9ca7f69eea71d81dd3c0840112e,Z:\ScanOriginal\2022-04-20 MFL PAA Computation.pdf,pdf,824428,1650478798,2026-07-26 19:12:14,
008d3b1f8f32b14fc9bae45f8053089547773a2e419a559152f1fd964171d57b,Z:\ScanOriginal\2022-04-20 MflPnl User Manual.pdf,pdf,920740,1650478798,2026-07-26 19:12:14,
6074f76b8baddc3053d438e8b4a86e5d5d77c9fbc862a3fa1d79869361a4ecf4,Z:\ScanOriginal\2018-07-13 External_Pricing_Engine_FIX4.4Spec_v2.0.pdf,pdf,140126,1651248233,2026-07-26 19:12:14,
363151eab7ea9e901703e0ef1ff14ffc58fd109615566b897a2a440838aad786,Z:\ScanOriginal\2022-05-02 Application types supported in EMRS.pdf,pdf,279034,1651487554,2026-07-26 19:12:14,
28795b6babb8fa57c9f424211605aa7e624baece331fd06e6e9e0a183ec520e1,Z:\ScanOriginal\2022-05-02 BBG Fixed Income Pricing Sources.pdf,pdf,214973,1651487554,2026-07-26 19:12:14,
05093be029e909066fe26ca7528c41236d410461477a06796974413e777ce271,Z:\ScanOriginal\2021-01-12 Message_Mining_RT_Data_Feed_User_Guide_V1.22.pdf,pdf,771996,1651591003,2026-07-26 19:12:14,
f41756e145204b79c49748cc45e943d5d7bdd71fd2016912a2dbcff5ad214528,Z:\ScanOriginal\2022-05-03 Contributions-Data Distribution Module.pdf,pdf,86407,1651591003,2026-07-26 19:12:14,
33cef2de943596c955c594b374afcb7eb8156349f788715286f73f1b3b7b340a,Z:\ScanOriginal\2022-05-03 Platform one Page overview2022.pdf,pdf,277087,1651591003,2026-07-26 19:12:14,
0aea1d164e2cbba466a6bebc2fabe9f9c1cc5fc13e937e7bc6429e8557bb90e9,Z:\ScanOriginal\2017-10-02 FIX Offering Feed.v.2.5.pdf,pdf,408824,1651702805,2026-07-26 19:12:14,
5111ba1cb9253d64bfd8f1e7b0b5b418dde8649745f2ad8815c5b9a275c34129,Z:\ScanOriginal\2021-04-15 PE Feed 3.5.pdf,pdf,631284,1651702805,2026-07-26 19:12:14,
52d6f40e2c6cbae8c08ce1c45b7aa5177595b9f739aa176ea2d0aa61bbbe6c37,Z:\ScanOriginal\2021-03-07 USTP_v2019_8_AUDIT_STREAM_1_9.pdf,pdf,438069,1651758446,2026-07-26 19:12:14,
91bc30677d747aaac42b60a7bf04cbc54819642b60c1c3953d89847cc42f73f8,Z:\ScanOriginal\2014-12-01 TSADF Programmer's Guide.pdf,pdf,1024017,1651856266,2026-07-26 19:12:14,
98334204673f5d496bf0524cb9736e5dfbb2d5bfa83059b41aaab2f8772f8166,Z:\ScanOriginal\2022-05-06 Positions & Transactions API.pdf,pdf,45124,1651856440,2026-07-26 19:12:14,
a7734bf5687d8a3815fb54eeaf359ddb0901537362a606c0a2f6c72bd47dd4f5,Z:\ScanOriginal\2022-05-14 414701_Xiaoning_Yang_2022-05-14_folio_08a69d5a-71bf-442b-9ddb-494de4435e20.pdf,pdf,20429130,1653917231,2026-07-26 19:12:14,
9902bcf4e325255777302e85ecccfeb4954ca9927d6fa94f72a2242007176aa5,Z:\ScanOriginal\2022-05-30 414701_Xiaoning_Yang_all_q2_q3.pdf,pdf,7317215,1653917314,2026-07-26 19:12:14,
c14806325bd417c543b06ea859ba89850aa457ba2f07fc493b609f39e6db5f9d,Z:\ScanOriginal\2022-06-03 SAPI_BBG.pdf,pdf,91527,1654265940,2026-07-26 19:12:14,
bad0854c5c5831025789e099a8544df5af6baf748ee9d52f9125d7b39120490f,Z:\ScanOriginal\2022-06-03 ServerAPI-Full-Premium Groupware tiers (1).pdf,pdf,25194,1654265940,2026-07-26 19:12:14,
1f9faff4adee4fd5e67afc2440580774b6dcff8e4f6d930178f713e92a58b2cb,Z:\ScanOriginal\1947-09-01 LI- HUI LING.pdf,pdf,140831,1655238653,2026-07-26 19:12:14,
251b7b9d8e032a3f5ce37a229935a4f0746d54f7f3a460ff19dd42567697f396,Z:\ScanOriginal\2022-06-15 Global Regulatory System Flow.07.Apr.2022.pdf,pdf,333221,1655324776,2026-07-26 19:12:14,
b4aa25a1a2b4cc472feeb7ea454772a1e5a8d1861e2b0e58dc460270359a0df9,Z:\ScanOriginal\1946-07-01 YANG- GUO RUI.pdf,pdf,141017,1655386199,2026-07-26 19:12:14,
2e63493a55be28af6b4071a1f3571485514e8d6b61dc182ef8de785bd267c38f,Z:\ScanOriginal\2022-06-16 20220616_093232_Raven_Scan.pdf,pdf,153500,1655386376,2026-07-26 19:12:14,
d85a2155cdc17f28839cfa0c062d5e7d5a24222279323820ee9f4dadeeafe112,Z:\ScanOriginal\2022-06-18 20220618_084108_Raven_Scan.pdf,pdf,709266,1655556100,2026-07-26 19:12:14,
f50ea0355b7d8c8e80133b5e762f889226914febff23d04e6149462360806d95,Z:\ScanOriginal\2021-03-01 Notice_of_assessment_2022_03_21_10_47_11_655456.pdf,pdf,20879,1655604753,2026-07-26 19:12:14,
31232a216d1743452aa3cc37dfc12dd07a07f8120b272be759ec686b4826b1f5,Z:\ScanOriginal\2022-06-19 20220619_162329_Raven_Scan.pdf,pdf,124974,1655670238,2026-07-26 19:12:14,
c0c86a39d2779cc38dce580310670f31a1aa1b5e98871a733cb07161a406d2f0,Z:\ScanOriginal\2022-06-03 20220619_162354_Raven_Scan.pdf,pdf,145620,1655670254,2026-07-26 19:12:14,
4b0a2e83c4dc2f25a3cd37e5e6ace294c27b584c60d263e14f3534843617738f,Z:\ScanOriginal\2022-07-05 20220619_162449_Raven_Scan.pdf,pdf,335633,1655670311,2026-07-26 19:12:14,
c6e3a53b2f5f313aba13231be1f4d32c108a52466786bcceae6fd45a93764290,Z:\ScanOriginal\2022-06-20 20220620_110750_Raven_Scan.pdf,pdf,149646,1655737691,2026-07-26 19:12:14,
08b04dcfd98f7c48dfd428b3684aeb5a10ead54b58972ca0e2446350921537be,Z:\ScanOriginal\2022-06-20 20220620_111511_Raven_Scan.pdf,pdf,145556,1655738137,2026-07-26 19:12:14,
fbf8db0e8cf80f23b6981cc6494c9496d35bf85aefbeb98166530ab338427cb7,Z:\ScanOriginal\1981-10-14 20220622_095407_Raven_Scan.pdf,pdf,297815,1655906081,2026-07-26 19:12:14,
d8311b23c423a053c653971b2f25b27e95090a6d0f55568c0eea1e4de6552889,Z:\ScanOriginal\2022-06-22 DataModel_Sample.pdf,pdf,132349,1655931450,2026-07-26 19:12:14,
3368d9fe653cbb37ea90b9220f7298a9eb9418f962ef4345d7e39cd40d42875f,Z:\ScanOriginal\2018-03-01 Notice_of_assessment_2019_06_17_09_17_03_044188.pdf,pdf,18953,1656007914,2026-07-26 19:12:14,
14f08a5727bfff78dc28a476d3aefcab60624c47fd0405f64defd40c8c77ece4,Z:\ScanOriginal\2022-01-13 Non_filer_benefit_letter_2022_01_06_23_42_55_798586.pdf,pdf,11738,1656009249,2026-07-26 19:12:14,
afa1fd4ff86229b7a7e40296b886ca8e2267ee4ca51cefbe655f6a6ff41316db,Z:\ScanOriginal\2018-03-01 Notice_of_assessment_2019_06_17_09_17_03_034978.pdf,pdf,19234,1656009478,2026-07-26 19:12:14,
cd1f6280074f813738dba47c1f8f7fcfa3a990b38ac32b990219356348c4bd44,Z:\ScanOriginal\2013-04-03 20220624_084846_Raven_Scan.pdf,pdf,145449,1656074948,2026-07-26 19:12:14,
9e26ae4ea608aed86c0a71a06c77b48c3e8a376db68dcaeb406ab05387027f83,Z:\ScanOriginal\2022-10-06 20220624_084918_Raven_Scan.pdf,pdf,241000,1656074985,2026-07-26 19:12:14,
43d6eefba56f6c998145576edf5ba4428c0311ccf7f4062abf0b726a039e6074,Z:\ScanOriginal\2022-06-22 20220624_093037_Raven_Scan.pdf,pdf,1005988,1656077451,2026-07-26 19:12:14,
489f7aacf0a15e9919c6ab82e4791bef39b80dbe809711b462db41b868c9ec0c,Z:\ScanOriginal\1946-07-01 YANG- GUO RUI (1).pdf,pdf,149102,1656095515,2026-07-26 19:12:14,
010e3982ea19b83910c078c4451e01e79f809acd05a6ce197a86022df59a22ba,Z:\ScanOriginal\1947-09-01 LI- HUI LING (1).pdf,pdf,148812,1656170300,2026-07-26 19:12:14,
57fb69491d511797ca7bbae826cf7204e037b896f8a1412f64580bb07d8e5e4a,Z:\ScanOriginal\2022-06-27 Broadridge BPS MSD Security Setup Overview.pdf,pdf,115862,1656354036,2026-07-26 19:12:14,
f1edb5b36fae20c11c5f5258a5847189dd2dad75ae93e4cfd0fb2c5675003460,Z:\ScanOriginal\2022-06-27 Bloomberg-FIX-MPF-Fact-Sheet.pdf,pdf,46681,1656362475,2026-07-26 19:12:14,
ff5bb4f18596c760cd43a1aa665419e8243287e9943670800f3e143d35b25753,Z:\ScanOriginal\2021-04-01 MPF Spec - 2021.pdf,pdf,629545,1656381458,2026-07-26 19:12:14,
f1fe0506945a4ad46cace71f6883b77475e7e39edf089ce07b55335d163d7b26,Z:\ScanOriginal\2022-06-20 20220702_165528_Raven_Scan.pdf,pdf,143127,1656795354,2026-07-26 19:12:14,
c7770123718a78673454d1199ca5c796149e689403206025c58226d8efca5504,Z:\ScanOriginal\2022-07-02 20220702_165738_Raven_Scan.pdf,pdf,124821,1656795483,2026-07-26 19:12:14,
d950fe27ffef26cc282f8983d9f31c44f4c680b5171ec0bb2b0ae4955612b06e,Z:\ScanOriginal\2022-07-02 20220702_190055_Raven_Scan.pdf,pdf,193949,1656802878,2026-07-26 19:12:14,
95758b9bfa4131de3bcd2d314ee08ec4f4c8b9dfef60e18c0d1fe118c61bd80e,Z:\ScanOriginal\2022-06-07 20220707_150657_Raven_Scan.pdf,pdf,229391,1657220835,2026-07-26 19:12:14,
ff1fd4f71bd3c598592e3f03c165191919fc98410d239bbeb20f701e87ef36b3,Z:\ScanOriginal\2022-06-07 20220707_150640_Raven_Scan.pdf,pdf,225605,1657220843,2026-07-26 19:12:14,
ef0812df147a196e0003dc4da89c4445d1f49b6f9fed4f0a8568cbe1d273e6d8,Z:\ScanOriginal\2022-07-06 800171169 - Statement Mia Life Insurance.pdf,pdf,85325,1657549447,2026-07-26 19:12:14,
145e972f78933b4d4a7fc032c73111955bd83a228a150d372690108b851831dd,Z:\ScanOriginal\2022-07-07 800171169 - Inforce Illustration Mia Life Insurance.pdf,pdf,60537,1657549466,2026-07-26 19:12:14,
b16a106fa8597ebc54bd265230ebd973afe104dc708a65f849121c677d5d22c7,Z:\ScanOriginal\2022-07-12 new contract with Raise July 11th 2022 signed.pdf,pdf,4509759,1657653002,2026-07-26 19:12:14,
1612ea2b9bd126f870458b2e19c783072bba2d69accfd3d015c50dba37b9cfee,Z:\ScanOriginal\2022-07-13 20220713_160249_Raven_Scan.pdf,pdf,313080,1657742581,2026-07-26 19:12:14,
3c78724748334175597f5dde09d77f745323bfa96bed1bf9e0d4cbaced1e40bb,Z:\ScanOriginal\2021-03-01 Climate_action_incentive_payment_notice_2022_06_25_11_15_29_140225.pdf,pdf,19345,1657916106,2026-07-26 19:12:14,
257abb489f08e56478635a8acaa934b10b2b3a30661b2c47093ea0acadaefe22,Z:\ScanOriginal\2022-07-17 20220717_151404_Raven_Scan.pdf,pdf,1622497,1658085279,2026-07-26 19:12:14,
3afba4d1ea181fe6dd2e0a1300f96d1ee5b93c50b566667783dab30031ae345b,Z:\ScanOriginal\2019-03-01 20220717_151535_Raven_Scan.pdf,pdf,863319,1658085358,2026-07-26 19:12:14,
02ae5a4a5b98ac9395565372681ffa27b304acfd4ff911eba75d30c7bb4666ed,Z:\ScanOriginal\2020-03-01 20220717_151611_Raven_Scan.pdf,pdf,400749,1658085398,2026-07-26 19:12:14,
b1e25054b0d07c5085e6a3ab19583f803ef7d37690e2dddaec77477d3b177508,Z:\ScanOriginal\2021-03-01 20220717_151640_Raven_Scan.pdf,pdf,476740,1658085424,2026-07-26 19:12:14,
d2c6370720b8e47736f02f1fd19a43e7bbd42ca9ec47623536c133b2a0588952,Z:\ScanOriginal\2012-01-05 CandealPostTradeFIXIntegration_V2.2.pdf,pdf,584490,1659015916,2026-07-26 19:12:14,
c8c7622e799e317214c8f9a051790bf3dfe5056b208d7b41e7a667cf576ff17c,Z:\ScanOriginal\2012-01-05 CandealPriceFeedFIXIntegration_V1.9.pdf,pdf,371795,1659015916,2026-07-26 19:12:14,
38aa9a2d2c602375cb791ae3a3f7670a2983bfd9791067b8d07c7bb729fb6821,Z:\ScanOriginal\2014-06-20 CandealAutoTradingFIXIntegration_V3.5.pdf,pdf,1529165,1659015916,2026-07-26 19:12:14,
57fdc0718e8863d814152845ecbc6b51ab06039673c0bb9c4f7c9a51ac70b714,Z:\ScanOriginal\2011-04-01 PSU.pdf,pdf,733823,1659017529,2026-07-26 19:12:15,
06727d924fe43b589aad4ca5015abb8bc3142a2935ae0e9f1999beab52d28017,Z:\ScanOriginal\2022-07-29 20220729_201825_Raven_Scan.pdf,pdf,82192,1659140326,2026-07-26 19:12:15,
9cbacb324d4f24a1db7e5b848c4fbc121dd640c546d888cbe2e322dd77cf5834,Z:\ScanOriginal\2022-07-31 20220731_124033_Raven_Scan.pdf,pdf,437307,1659285658,2026-07-26 19:12:15,
f5a91468869117ae2d3e026eea38d92eab71194c83557ec5af7260dc7675716e,Z:\ScanOriginal\2022-08-08 2851275 Ontario ltd 30Jun2022 T183Corp Signed 20220808.pdf,pdf,182464,1659971364,2026-07-26 19:12:15,
e32a7bd50c6c5dd58c33a4164454cb2ba34a22d6ae1929530b0d2c154bc297a0,Z:\ScanOriginal\2022-10-07 20220811_143630_Raven_Scan.pdf,pdf,243623,1660243017,2026-07-26 19:12:15,
8e1fd5d9b3f3c4386a626cae8a6f722f2a8ee5f21dfad3027ef1a6f7a00ff44e,Z:\ScanOriginal\2022-08-13 20220813_164631_Raven_Scan.pdf,pdf,199578,1660423604,2026-07-26 19:12:15,
5a083593da0e8e373dee33605723c6d97bd2b0e5c02f022bb1e3a8c8c87a7db3,Z:\ScanOriginal\2019-03-01 20220813_171150_Raven_Scan.pdf,pdf,1228130,1660425133,2026-07-26 19:12:15,
6c783c37251033b9a32b6216b2e2a6642ada32f977181ea5df432eb06afc3913,Z:\ScanOriginal\2022-08-02 20220813_175842_Raven_Scan.pdf,pdf,766876,1660427946,2026-07-26 19:12:15,
b517f8c391f8fcb5449873175309c2bf21bc4c0a19f7cef8b1ccf3de2a8d4b09,Z:\ScanOriginal\2021-03-01 20220820_162928_Raven_Scan.pdf,pdf,1764781,1661027410,2026-07-26 19:12:15,
a74167ecf5dab2d3863ec82683248b286513e000ac634bdd7424610fa6bbe7a6,Z:\ScanOriginal\2021-03-25 FIXXML_CMF_Trade.pdf,pdf,1433027,1661397659,2026-07-26 19:12:15,
bcd8bb20f74fd0f9e78f18afb66885b71ffee49a03a22050e369fb79c4fc5d58,Z:\ScanOriginal\2022-03-08 20220825_152240_Raven_Scan.pdf,pdf,82030,1661455400,2026-07-26 19:12:15,
1c3fa9023c59e9e38bbd6c5fdc1944252dff246ebe9ddd9a07b151e46b885b38,Z:\ScanOriginal\2022-08-20 20220826_124608_Raven_Scan.pdf,pdf,328695,1661532386,2026-07-26 19:12:15,
82454137aa819c0d1a912de9ec4e84258633283fb0a5e97a22c45732c43bbd85,Z:\ScanOriginal\2022-08-17 20220826_124851_Raven_Scan.pdf,pdf,232376,1661532561,2026-07-26 19:12:15,
830adeca3ed1e61ac8f89bea58d4c7775987707c577ed85911b1ef71f121ee01,Z:\ScanOriginal\2022-08-17 20220826_125005_Raven_Scan.pdf,pdf,114254,1661532646,2026-07-26 19:12:15,
f073d0b98d8393e165f303e098b7b2507610310cc26d85f4af9de095f721bd58,Z:\ScanOriginal\2024-03-20 20220827_123145_Raven_Scan.pdf,pdf,320067,1661617925,2026-07-26 19:12:15,
502b03783acb82f2b455e091be1143066f0158fd62db975a9ceb02bd257d991b,Z:\ScanOriginal\2023-06-12 20220829_101908_Raven_Scan.pdf,pdf,143843,1661782770,2026-07-26 19:12:15,
de8c34d1fe5be845dc7b793d5ec535a3234e6ee62fada88a1316ff15c793868e,Z:\ScanOriginal\2016-01-06 UNSIGNED AUTOMOBILE APP.pdf,pdf,147254,1661810068,2026-07-26 19:12:15,
394ab1b1c803e8fe1fe1dc462a814ec3dce147bb18cdc747cbb8e05dab27327a,Z:\ScanOriginal\2022-03-01 CSIO Payment Authorization Form.pdf,pdf,112357,1661810068,2026-07-26 19:12:15,
f13530d34a320910eaf2de280fe4e5c10d3ccc817238312800b2b8bd494efbdb,Z:\ScanOriginal\2022-08-29 New OAB Form (Chinese).pdf,pdf,918393,1661810068,2026-07-26 19:12:15,
0009af212b513fe4e5bea382d1b87d73d01fd19ac0db4d31d8292d09f6020203,Z:\ScanOriginal\2022-08-30 20220830_133459_Raven_Scan.pdf,pdf,98012,1661880918,2026-07-26 19:12:15,
93153a5d73ecbe7120564cc40101a163f1acd00c9035de240cba0fa2e8093d18,Z:\ScanOriginal\2022-08-31 20220831_124153_Raven_Scan.pdf,pdf,189678,1661964147,2026-07-26 19:12:15,
950fe32fc81097b13442c04e72896c5478b628b5ecb5e195d9b62540d5183b6e,Z:\ScanOriginal\2022-08-31 20220831_135243_Raven_Scan.pdf,pdf,3446334,1661968463,2026-07-26 19:12:15,
0da72eba6f4a9af764ac02ba9f3e53ae2994ae3515e0b77d23f25ce072ad579b,Z:\ScanOriginal\2017-01-20 FIX_CBID_protocol_spec_201605.pdf,pdf,454615,1662672331,2026-07-26 19:12:15,
28bb84a1e647fa7ca728e62aef4dfc27bc261b9532d8ff037a8ac1b81c130826,Z:\ScanOriginal\2001-07-12 ICE_Gateway_FuncSpec_4clients.pdf,pdf,202907,1662672334,2026-07-26 19:12:15,
573960ce75b12e04435615f1018c75494e87c2aa8d1d0fb1cd830ce5eb76cb9e,Z:\ScanOriginal\2021-09-02 20220912_102939_Raven_Scan.pdf,pdf,81319,1662992992,2026-07-26 19:12:15,
9d6f18ee65667dfa529442f6123f9dd5d55940eaaf9d0a550bad87533955222e,Z:\ScanOriginal\2022-09-12 20220912_104358_Raven_Scan.pdf,pdf,265707,1662993852,2026-07-26 19:12:15,
8e3a905b361280d8325cf00b625f4d0f088819ba439882f5f6653678589eadc1,Z:\ScanOriginal\2021-03-01 20220912_123720_Raven_Scan.pdf,pdf,833925,1663000658,2026-07-26 19:12:15,
481a766ed5802fb16c274c1d287f8d6552a42bb752610349b6a3cf3d90ea2887,Z:\ScanOriginal\2022-09-12 20220912_123948_Raven_Scan.pdf,pdf,320718,1663000809,2026-07-26 19:12:15,
e6b36c64a31e251ea717863b8a86ca1056d754ebeb2ef63e14cd4328576df940,Z:\ScanOriginal\2022-09-16 Corporation_notice_of_assessment_2022_09_14_00_26_13_853283.pdf,pdf,16304,1663337036,2026-07-26 19:12:15,
a149c3838ea15d7173708cb49af3eb20199d6ab52682c3aa82d16d796bb49adf,Z:\ScanOriginal\2019-01-16 TOMS_Trade_Feed_v20XML_v9.6.pdf,pdf,514548,1663355739,2026-07-26 19:12:15,
dc8e1d828bf92f8eb4aa3e7ce23b1d51d4860d6e96c33c45af9ac8cc3f7e1f61,Z:\ScanOriginal\2022-09-17 20220917_142331_Raven_Scan.pdf,pdf,180419,1663439033,2026-07-26 19:12:15,
d3491e133622422f0385a0ccf95839d1fd4e49d5b6bafe5ee12ebf66b7b9388d,Z:\ScanOriginal\2022-09-08 20220917_142723_Raven_Scan.pdf,pdf,414630,1663439265,2026-07-26 19:12:15,
151ceadc3b84678f23054ddc6e982635d213bcf8e8161dee2296dd06b9574a31,Z:\ScanOriginal\2022-09-17 20220917_142851_Raven_Scan.pdf,pdf,1162216,1663439367,2026-07-26 19:12:16,
2d4e2fc80ab85a891ff93019957bf2bbfbd55797804da90875bc0e39e7f88566,Z:\ScanOriginal\2021-03-01 1.0 Letter to CRA C0051378344-001-17.pdf,pdf,100621,1663602399,2026-07-26 19:12:16,
4ba19cdd9318c374b986d35f593845331b42e18fdd2ad76bb78eb6087f3341de,Z:\ScanOriginal\2022-09-20 20220920_081350_Raven_Scan.pdf,pdf,292079,1663676066,2026-07-26 19:12:16,
3ae60ccde861a755a5d774693936a4f668f12b9406e67df47faf1d5602600656,Z:\ScanOriginal\2022-09-13 20220925_213952_Raven_Scan.pdf,pdf,238206,1664156412,2026-07-26 19:12:16,
260c4ce889bd7d92de4f99c8fea0c183b317977b86b7e4f7669f83afa1fd6c0c,Z:\ScanOriginal\2022-09-09 20220925_214008_Raven_Scan.pdf,pdf,143209,1664156427,2026-07-26 19:12:16,
1c065b1139d73fdf04429a1ac57795ae416bd07d91c24ec43f0f64e9a780bf5b,Z:\ScanOriginal\2022-09-19 20220925_214051_Raven_Scan.pdf,pdf,282124,1664156473,2026-07-26 19:12:16,
9cd3d3e7e0f67b0a5b5c33e305a50c05d783660a961a3dc43c4c5355d2d4a81c,Z:\ScanOriginal\2022-09-25 20220925_214135_Raven_Scan.pdf,pdf,366696,1664156516,2026-07-26 19:12:16,
74e22fcf172af725958e65b47d609ba6eb8eb9362636ba0524ae483722b94ad8,Z:\ScanOriginal\2022-08-08 20221020_143814_Raven_Scan.pdf,pdf,184063,1666291111,2026-07-26 19:12:16,
43b445bd1d4cb7ac695dcbc918bc4dd81293f09fe3850462607f31374951ecbf,Z:\ScanOriginal\2022-10-17 20221020_144643_Raven_Scan.pdf,pdf,134938,1666291611,2026-07-26 19:12:16,
1e62354b4e032021c7c3b6fd7c79b5dafa66d3d13f7161eb652ee7b5decf7fec,Z:\ScanOriginal\2022-10-20 20221020_153346_Raven_Scan.pdf,pdf,210302,1666294443,2026-07-26 19:12:16,
4971e03383b595488d89aac3f609a95988745475499b0b35569366bee7876ee2,Z:\ScanOriginal\2022-10-20 20221020_153411_Raven_Scan.pdf,pdf,201575,1666294459,2026-07-26 19:12:16,
c5af2391b26162658e23b8628c05da5f1af48898d71c25bbc3a65065a8e20203,Z:\ScanOriginal\2022-11-01 20221101_082651_Raven_Scan.pdf,pdf,6917641,1667305693,2026-07-26 19:12:16,
0b05306176bf7852a130aa51e5fc4a1c1cf2613ea785b9df9932c046b13ae17b,Z:\ScanOriginal\2022-11-01 Dealerweb CLOB_Connectivity_093021.pdf,pdf,116734,1667318606,2026-07-26 19:12:16,
e7d5120b742d3b738c48c4c54e5a6a4620838a32e3ac0fee48fac5e44ea2d200,Z:\ScanOriginal\2016-04-03 Dealerweb Incremental Market Data Specification for Active Streams v2.2.pdf,pdf,407274,1667318608,2026-07-26 19:12:16,
44145ee4d0735f9e0ccb45b7967fb4af88cbb03f4d5cd9eba294eb23af890405,Z:\ScanOriginal\2013-04-10 Dealerweb Order Trading DOT API v3.4.pdf,pdf,594319,1667318609,2026-07-26 19:12:16,
50de45bf1e2568b68642347a5177f793498301e9437cfc47b3b50e2448e989f4,Z:\ScanOriginal\2020-07-31 Dealerweb FIX Trading API v1.50.pdf,pdf,1179689,1667318609,2026-07-26 19:12:16,
dfd4c69867f5182bf711d61028de0db9296db66303ce57fae5afe1d52ad48344,Z:\ScanOriginal\2021-09-08 Dealerweb FIX Post Trade Feed API.1.62.pdf,pdf,1631170,1667318610,2026-07-26 19:12:16,
6410eaba1aad7d5b738d1408539312eed46c2eea7c716129d2dfc7733914598b,Z:\ScanOriginal\2022-02-01 DWFI_ITCH_Specification_4.0b.pdf,pdf,465756,1667318610,2026-07-26 19:12:16,
109857dc63ce3886f4571aef6962becdbc0ed9514f8daad5503cd37ec99ecd0e,Z:\ScanOriginal\2022-02-01 DWFI_OUCH_Specification_2.0a.pdf,pdf,376096,1667318612,2026-07-26 19:12:16,
e6fa673df1446616d6fdde59dd428702b729abbad8dfafab4ed1ba2a09ee966c,Z:\ScanOriginal\1988-08-08 20221104_192839_Raven_Scan.pdf,pdf,2819592,1667604586,2026-07-26 19:12:16,
4cf2121ef5418f8c6f4ae4f59f2dbcb85905a94b80bf66bb2833add8ed27f800,Z:\ScanOriginal\2020-06-16 Debt Securities Transaction Reporting - MTRS 2 0 User Guide_V2.0_en_FINAL.pdf,pdf,1184955,1668026931,2026-07-26 19:12:16,
5d64f8135f962dd677535814fe7c5d64eabfe8073e32a0d0c91626cdd1e06499,Z:\ScanOriginal\2022-11-11 Rates - Central Position Server (MVP) - 11.11.22.pdf,pdf,517553,1668192927,2026-07-26 19:12:16,
7ca609b753a2fc0b9a34d4217c1dcf977fd6474dc43f59ceed8a7520aa1a6048,Z:\ScanOriginal\1977-11-01 YANG- XIAONING.pdf,pdf,147589,1669670265,2026-07-26 19:12:16,
d15a4eacc169199c46fbfe2253be3a5c78b100c8b98174b5522ab43770a20f87,Z:\ScanOriginal\2015-03-01 20221129_112634_Raven_Scan.pdf,pdf,456952,1669739224,2026-07-26 19:12:16,
55fd74923e2e579cd0ae2887d9bd363dbb2ffc874c97f3118498901de2421c57,Z:\ScanOriginal\1947-09-01 LI- HUI LING (2).pdf,pdf,149744,1669739976,2026-07-26 19:12:16,
871a6bed32592072d76bec4089282044e4782316469b5ed68458392adb62d870,Z:\ScanOriginal\1946-07-01 YANG- GUO RUI (2).pdf,pdf,149725,1669740031,2026-07-26 19:12:16,
06af402faed710509d3e9f8814e63a1bb6d59390790fee66f65debea7bdb1998,Z:\ScanOriginal\2022-10-11 20221201_172823_Raven_Scan.pdf,pdf,444447,1669933722,2026-07-26 19:12:16,
a0400f366513ee66f3aa6a2061ab4087422cb397317658a677caa165840f2a2d,Z:\ScanOriginal\2022-09-12 Rates Position Mgmt - High Level (12.9.22).pdf,pdf,680032,1670628436,2026-07-26 19:12:16,
ce4faf8acecd58182e7cdedbef294859a54160d2fc8e399c846ea2a6a13c870d,Z:\ScanOriginal\2022-09-12 Fixed Income Trade Mgmt - Front Office Future State (DRAFT 12.9.22).pdf,pdf,460705,1670868787,2026-07-26 19:12:16,
fb37b8ab8df389feea7d7f2746602b160115409f4e8a6922603f3da3e5aebd94,Z:\ScanOriginal\2022-12-12 Swaps - Voice Workflow Story Board (12.9.22).pdf,pdf,594028,1670871207,2026-07-26 19:12:16,
b43182c68501fed638cbb244853c54692822377a61f3ff65c2ba97fdb915f377,Z:\ScanOriginal\2022-12-12 GTS Trade Capture - High Level Overview (12.12.22).pdf,pdf,405965,1670878687,2026-07-26 19:12:16,
3f80459591792b0679164c6de8924e9269b4516126aa3dddf85eb18a554620b4,Z:\ScanOriginal\2022-12-16 Trade Capture and CPS 12.15.22.pdf,pdf,414371,1671222848,2026-07-26 19:12:16,
60f323e5a2e027ac4d490c4fd022fb6c5be07dd756596f7a4abb88483b04f372,Z:\ScanOriginal\2022-12-18 20221218_161202_Raven_Scan.pdf,pdf,135688,1671397934,2026-07-26 19:12:16,
ff994737793e752f75c767f07432ef74198e0a8e02880b7c2169e838d080d5b2,Z:\ScanOriginal\2022-12-01 20221218_161436_Raven_Scan.pdf,pdf,317457,1671398093,2026-07-26 19:12:16,
9853ecb188c0f5b2c66c57f4adc03b827834745366f26a7d16cad8b42aec6bfd,Z:\ScanOriginal\2022-12-22 voice swaps 12.20.22.pdf,pdf,617887,1671728594,2026-07-26 19:12:16,
33cd5cdfe2b9946a2b71881d9f0f20be358889c562197fb79e38c25eeed5095e,Z:\ScanOriginal\2022-12-16 20221227_225936_Raven_Scan.pdf,pdf,659166,1672199999,2026-07-26 19:12:16,
e513a8755bac764fe0dd39a05548b1bc5b2ed47a9a0ead17ba5fee81cf3103e0,Z:\ScanOriginal\2022-09-12 CMF Trade Capture - FIX and XML - Enterprise Console.pdf,pdf,2288295,1674494468,2026-07-26 19:12:16,
c6600ee32004dc30379280f33b89da9bfa25b4d4fb44226a249d30b71af5fae4,Z:\ScanOriginal\2023-01-24 YangGuoRui PaySlips.pdf,pdf,344425,1674588423,2026-07-26 19:12:16,
ebf991a7df507b0707ae2fd01ced515ec6ae607fe1ab70283a453d86358f0fe2,Z:\ScanOriginal\2023-01-24 LiHuiLingPaysllip.pdf,pdf,242529,1674588461,2026-07-26 19:12:16,
65a3067a351c90deb2932b4c9f06baee612d6388b13f982ca5b19fe2a93b3b2f,Z:\ScanOriginal\2023-01-24 20230124_170540_Raven_Scan.pdf,pdf,993569,1674597987,2026-07-26 19:12:16,
21e9ea3b7934a2672dad5101fd55dbab51806f11987e32a1ac884cc0ed98f4ef,Z:\ScanOriginal\2023-01-18 20230130_095408_Raven_Scan.pdf,pdf,1384878,1675090497,2026-07-26 19:12:16,
fd4af5fcc4ff4088df46ea9891b2101d6913d93b3b999f7f0595e05b1a823070,Z:\ScanOriginal\2016-03-01 20230215_114106_Raven_Scan.pdf,pdf,968194,1676479301,2026-07-26 19:12:16,
26b266cf74df0c8c3d4c5930f325746759d8c61f2e71c9b472dadbc9c9912b65,Z:\ScanOriginal\2022-12-01 20230217_154311_Raven_Scan.pdf,pdf,214996,1676666616,2026-07-26 19:12:16,
2d84278b3dedb04d548f0494695cbf121ff77b88a6e4bb393c43764fe92cd73e,Z:\ScanOriginal\2022-11-25 20230217_154345_Raven_Scan.pdf,pdf,148368,1676666647,2026-07-26 19:12:16,
70c500cadc3a0b79b8dcaf40daff47d5db03fef6e9133e2d85332a9867eb0e24,Z:\ScanOriginal\2023-01-03 20230221_104526_Raven_Scan.pdf,pdf,1808136,1676994511,2026-07-26 19:12:16,
8e75a06cd262ffe557d219ad857f1b28ac4f8def35385d41ab1e33ed7a181cb2,Z:\ScanOriginal\2022-01-10 20230221_113530_Raven_Scan.pdf,pdf,703081,1676997408,2026-07-26 19:12:16,
62499554e309ff906e9352cf10d62f83cfc56b158185129ab9424cdd1ef2c888,Z:\ScanOriginal\2023-02-27 20230227_142349_Raven_Scan.pdf,pdf,251548,1677525865,2026-07-26 19:12:16,
22b65909b79242a5f560f5dc39817b9e7b008ef88487e6bcf9d8c36a64eb3af8,Z:\ScanOriginal\2023-02-16 20230227_142448_Raven_Scan.pdf,pdf,1118999,1677525961,2026-07-26 19:12:16,
db34afc76b5f8cea7f021584ea1b400e4b3b36c9ab9f261c2454f3fe6ba89463,Z:\ScanOriginal\2018-02-03 20230302_162346_Raven_Scan.pdf,pdf,3839021,1677792327,2026-07-26 19:12:16,
dafa5d80037b065a332a051dd045509c82cdd610d5e320aa2ab81412277dbeee,Z:\ScanOriginal\2018-02-03 20230302_162841_Raven_Scan.pdf,pdf,3391063,1677792621,2026-07-26 19:12:16,
24e8e9b0cc147679944e1db811c7c39da80afe5cab3d20ed9b267ee44146cec1,Z:\ScanOriginal\2023-02-03 20230302_163824_Raven_Scan.pdf,pdf,335517,1677793124,2026-07-26 19:12:16,
5c8942cf9a2f74c8a8f67d42f281c934b95dccb444e42bdb0a2e93fb395ae378,Z:\ScanOriginal\2022-05-13 P20220628.0001  - Migration from DSTS to Bloomberg TOMS (003).pdf,pdf,323215,1677867973,2026-07-26 19:12:16,
720137f96b814590d764f27234de59aa6f9360a4d2ea731122414c9ccfb76bd8,Z:\ScanOriginal\2023-03-15 Rates Trade Management Workflows (03.15.23).pdf,pdf,635266,1678920880,2026-07-26 19:12:16,
1537d60dcabe3ef9e23c31e61cc3a10b52e34236febad3b7e0b23635e7010cf4,Z:\ScanOriginal\2023-04-11 20230325_162749_Raven_Scan.pdf,pdf,423475,1679776094,2026-07-26 19:12:16,
c288b8db96417b2cbf60c794827cbd8f81770a8199892b869f57e68199902e24,Z:\ScanOriginal\2023-02-01 20230325_162852_Raven_Scan.pdf,pdf,211324,1679776148,2026-07-26 19:12:16,
43ab62433d9caa26afb99cd44ba0a65e7d4475de845c948cf2b4e90ea02e2a38,Z:\ScanOriginal\2022-03-01 20230325_173634_Raven_Scan.pdf,pdf,608775,1679780219,2026-07-26 19:12:16,
e429ecea7e0a575a587ee7b2c48c2cbe3af851f6dd642390c67168c7df7f2ac0,Z:\ScanOriginal\2023-08-02 20230325_174627_Raven_Scan.pdf,pdf,82888,1679780803,2026-07-26 19:12:16,
9f8c4b4e02e65fcee733a47f5ab060588f71953ceb74e26281f3e5f4b54c67f9,Z:\ScanOriginal\1981-03-27 20230327_121730_Raven_Scan.pdf,pdf,513672,1679933879,2026-07-26 19:12:16,
08beb8d3b84b94ad1c123e9ae63ef843ec4f31f9980e30206f943e903532ec48,Z:\ScanOriginal\1977-06-11 20230327_131224_Raven_Scan.pdf,pdf,555438,1679937174,2026-07-26 19:12:16,
e6209528c71418b27f59db3be6758eccd4728b613ccdb393801968ef36620366,Z:\ScanOriginal\2023-03-27 Xiaoning_Yang_T1_2022.pdf,pdf,1151735,1679969395,2026-07-26 19:12:16,
05fe0334f983abd5dcf72e62ebf763f42f23618045975ef3162226d8cbb415e3,Z:\ScanOriginal\2023-03-27 Yang_Chen_T1_2022.pdf,pdf,1087430,1679969614,2026-07-26 19:12:16,
c83c866a776d49faffff811176719054dce7ccfe10c6126b1ced16206fa1a8b3,Z:\ScanOriginal\2023-03-28 20230328_162013_Raven_Scan.pdf,pdf,158685,1680034832,2026-07-26 19:12:16,
70cab3bbd520190bceb4060055d48edb199c6c36ccb9e3440bf544b8d4af97f5,Z:\ScanOriginal\2023-03-28 20230328_162037_Raven_Scan.pdf,pdf,158532,1680034856,2026-07-26 19:12:16,
64ee4082436e8be35f0cd9f027a68afd47ca036abbaba5ea533059c25a7b3503,Z:\ScanOriginal\2019-03-01 20230415_190752_Raven_Scan.pdf,pdf,396964,1681600090,2026-07-26 19:12:16,
c40a2c28bbaafb70a8269b9e433c72b7b56a68ca27f8f13dab8e3bb2ecc47e84,Z:\ScanOriginal\2022-11-03 20230415_190903_Raven_Scan.pdf,pdf,408525,1681600165,2026-07-26 19:12:18,
dc781cbb03d876495858fc3ac2716094a0009b95e3abd25eb8cabb53b147a731,Z:\ScanOriginal\2023-11-01 Prevention.pdf,pdf,3936,1681777786,2026-07-26 19:12:18,
c9c160fb3486eb1ffb7963f27642e550e2fbd7d2c0d65badb5fc19dc34f8c342,Z:\ScanOriginal\1947-09-23 Encounter-2023-04-17.08.29.52.pdf,pdf,22942,1681777796,2026-07-26 19:12:18,
e60b738d0751e354349e523da917bdafa0378cdb2045651d176d176242c79a8d,Z:\ScanOriginal\2022-07-19 combinedPDF-2023-04-17.08.30.16.pdf,pdf,3193537,1681777820,2026-07-26 19:12:18,
85ce3978142c9e96edbd0f7254d1044171fe05b5f15661cac7982406cccaabe2,Z:\ScanOriginal\2014-05-11 HUILING_LI_2013-01-18 05_01_41_MultiLabReport.pdf,pdf,120898,1681777832,2026-07-26 19:12:18,
2206b69c175af3fb4fc0af9c9c684f5df6bc89bea4be36535620c7bbda32f8b7,Z:\ScanOriginal\2023-05-06 20230418_145144_Raven_Scan.pdf,pdf,719327,1681843930,2026-07-26 19:12:18,
5bfc42c8b9dc854a37d1c5297d79dec7da7c298794d546a8c263c96203b04947,Z:\ScanOriginal\2023-04-20 20230426_141733_Raven_Scan.pdf,pdf,230160,1682533076,2026-07-26 19:12:18,
887001d157c9fcc3c88a104adeacb3401707b8a7c9fd460cc8fa03444f876347,Z:\ScanOriginal\2023-04-04 TOMS_Dictionary.pdf,pdf,6233344,1682628433,2026-07-26 19:12:18,
f7bc60d483e163e29ee7b9b889cd85460ef09492c00a90c20bc73184c2e27fab,Z:\ScanOriginal\2022-07-30 Positions and Transactions (ADF) Developer Guide - Enterprise Console.pdf,pdf,1323146,1683230083,2026-07-26 19:12:18,
3a051fdbe6475de2c7ad2290fd965b456e26e9f222018156391f06feaabddca7,Z:\ScanOriginal\2023-05-17 20230517_090058_Raven_Scan.pdf,pdf,73793,1684328471,2026-07-26 19:12:18,
56bdb3e2f8b3006f7d7239635b572230980272c2a72c79908d41dc59b480fc69,Z:\ScanOriginal\2023-06-12 20230524_221157_Raven_Scan.pdf,pdf,364844,1684980744,2026-07-26 19:12:18,
26067e5a76c9fd6419238b60a065041813f96d219a989602a1826d1866b94c79,Z:\ScanOriginal\2023-05-31 20230531_112624_Raven_Scan.pdf,pdf,85353,1685546810,2026-07-26 19:12:18,
f6b6af737285063f12e906bb994849582da7da2c59c9d5e515f727a4685bb843,Z:\ScanOriginal\2023-05-31 20230531_153528_Raven_Scan.pdf,pdf,84643,1685561735,2026-07-26 19:12:18,
69decf43f6e81a250176059da9e2521ea6d0b8aaead2de5464ded655b7ba6e1d,Z:\ScanOriginal\2023-06-04 20230604_122426_Raven_Scan.pdf,pdf,54030,1685895879,2026-07-26 19:12:18,
b7f3ac4126e2dd7fcfc96c9f194e0498c460c2ed268ed44f069df23d1aca0b75,Z:\ScanOriginal\2023-06-04 20230604_122736_Raven_Scan.pdf,pdf,182884,1685896075,2026-07-26 19:12:18,
9ae8c036af36a1fef0a38bb12e66571d0fbb039b141c9462a051513c1a19c32e,Z:\ScanOriginal\2023-05-06 20230606_095800_Raven_Scan.pdf,pdf,1214350,1686059939,2026-07-26 19:12:18,
d3b611a80dc63d16ef38b6fd7b44644fc0ba192c96073c51eb331e57a8fbce70,Z:\ScanOriginal\2023-06-20 20230606_095916_Raven_Scan.pdf,pdf,151432,1686059976,2026-07-26 19:12:18,
6a039ef89f31fcc511f8184648c50960799f7e48e73f1641ecc757e13b72755d,Z:\ScanOriginal\2003-05-02 CCR Chapter_09.pdf,pdf,85264,1686148938,2026-07-26 19:12:18,
5bb14d0ad065a7be3872168cbb5391e02eae3c3461368552d35976764a3cd7a1,Z:\ScanOriginal\2023-06-13 20230613_235340_Raven_Scan.pdf,pdf,155258,1686714837,2026-07-26 19:12:18,
fce999a1469ed36a24a9fc0dbea000642288038fa14f434f97f9abd5f60a1ac2,Z:\ScanOriginal\2022-08-05 Dealerweb FIX Post Trade Feed API.1.65.pdf,pdf,1633476,1686837133,2026-07-26 19:12:18,
2f55bdb954d37ed0d0aabafd0286fcec2697c9d9b7c93088363c3fa279262a2b,Z:\ScanOriginal\2023-05-23 T1 Client Working Group call 05.23.23 FINAL.pdf,pdf,820325,1686885089,2026-07-26 19:12:18,
c4fabd2de0e4e92f1da0645e40c78193882957c938cae1ae16278b2ee3df5c49,Z:\ScanOriginal\2023-02-01 T+0 Recon Tool.pdf,pdf,1149007,1686885319,2026-07-26 19:12:18,
d4fdfa7d7ec8f885758012351e14defbfd79ecae8285a3caea6da5ede0a4ed47,Z:\ScanOriginal\2023-01-31 Update-to-CCMA-T1-Asset-List-January-31-2023.pdf,pdf,324549,1686885429,2026-07-26 19:12:18,
6441f182b185d0b64fc624d243f6e683f9752be0baae40586ceb336d2e1310b0,Z:\ScanOriginal\2023-04-25 Test-CUSIPs.pdf,pdf,700895,1686885642,2026-07-26 19:12:18,
6d1c9b0ffbe90fcfb1604c934b89ba373731340829446d584f1cce019c0d38cb,Z:\ScanOriginal\2023-06-15 T-1-Product-List.pdf,pdf,142135,1686885939,2026-07-26 19:12:18,
b4f0ee0206a715955e1dd843e4ec3ccd50280ba6331f650cc24c8d15ec8dbf98,Z:\ScanOriginal\2021-03-01 Notice_of_assessment_2022_06_27_06_05_53_373337.pdf,pdf,19687,1687031945,2026-07-26 19:12:18,
1bd96b44fd61c6bf577d7890d763194333812ddb91103cf66d61882bc17cfc9a,Z:\ScanOriginal\2021-03-01 Notice_of_assessment_2022_06_27_06_06_17_315079.pdf,pdf,18877,1687032655,2026-07-26 19:12:18,
84898dbe3cf586c8ad5f18d8b6239dee909cae76d9e201cdbbd6d1d3b45c7e50,Z:\ScanOriginal\2023-07-25 Your_Freedom_Mobile_agreement_is_ready_to_vie.pdf,pdf,447507,1687817998,2026-07-26 19:12:18,
f586a53235df40ca3d2b2283aaf08eb66a002fdcb20d828a965f6f409b415800,Z:\ScanOriginal\2019-01-01 FRTB_2.pdf,pdf,1345132,1687834688,2026-07-26 19:12:18,
fd67df217e29591063ee00e2baa0b0879125f5c05346fe895c84e626d2cc2b6e,Z:\ScanOriginal\2023-06-26 Calculating Capital - FRTB Documentation - 1.pdf,pdf,224400,1687834688,2026-07-26 19:12:18,
e380594fa278f4c45ae55128c2d4251a56c3ed5bfd00a3c58740a99f5179a1a6,"Z:\ScanOriginal\2023-06-26 GIRR Delta, Vega, and Curvature Capital.8.pdf",pdf,764251,1687834688,2026-07-26 19:12:18,
85196bcb2b096329f640cbcab200a2946b6dad7a245c96d9bdf5b1ae034eea70,Z:\ScanOriginal\2023-06-26 SBA - Commodity - FRTB Documentation - 2.pdf,pdf,668595,1687834710,2026-07-26 19:12:18,
6416ac8ba17e69342ebc86278160218aec97e07ce21e8d8080d1157c0725b632,Z:\ScanOriginal\2023-06-26 SBA - Foreign Exchange - FRTB Documentation - 6.pdf,pdf,584433,1687834721,2026-07-26 19:12:18,
e8fb1c52f09a89913d9592e6e91cfcf2a91f4abaf21b2ec9f32a987ddba6d798,Z:\ScanOriginal\2015-11-30 26265_NG Full Revaluation Validation_20151130.pdf,pdf,6950038,1687834750,2026-07-26 19:12:18,
43b7c2b9ad780065735b6fda0a02157c916793b2299cacfe61015f985dffa21b,Z:\ScanOriginal\2022-10-05 Historical Simulation VaR and SVaR - Inclusion of Debt Specific VaR_20221005.pdf,pdf,4070022,1687834750,2026-07-26 19:12:18,
cb8f0349a1d564d6723db83dcd5c5cb7e9a8e089275f0aab44f3c479bac5e6ee,Z:\ScanOriginal\2022-12-20 NG SPS methodology_v1.8.pdf,pdf,612849,1687834750,2026-07-26 19:12:18,
a3f5bc277dfacb2efb1edbf5bc67fd0042ed96bb8c7acb0dcaba08d4731e8b65,Z:\ScanOriginal\2016-07-10 OIS Data Assessment V1.4.pdf,pdf,1615073,1687834812,2026-07-26 19:12:18,
491b39709b74e05db3585a81a0c7430c13998d7dff2d553ad50e564527d292cf,Z:\ScanOriginal\2016-10-14 Market Data Memo - USD IR Implied Swaption Vol Skew - V1.0.pdf,pdf,735014,1687834812,2026-07-26 19:12:18,
2e0c796d1074f9c8dbd1bd8cf30ad6150a26d68ec520e05ade7dbf4ca3e68a8b,Z:\ScanOriginal\2016-11-09 FX Vol Historical Data Acquisation - SuperD.pdf,pdf,712343,1687834812,2026-07-26 19:12:18,
c7debcdd01d9ff9de454f10d98ed8da538f45987285ebadca07ee4d65e7db0f3,Z:\ScanOriginal\2016-11-30 Market Data Assessment Memo - OptionMetrics EQ Implied Vol - V1.5.pdf,pdf,1424059,1687834812,2026-07-26 19:12:18,
d17ec0240d8152e32c3414e4184563ef4c63a6448a9562cd5a9bd04b97005105,Z:\ScanOriginal\2017-05-01 IHSMarkit-OW-FRTB-Markit-Modellability-Model-white-paper.pdf,pdf,817550,1687834821,2026-07-26 19:12:18,
4f95ea66663e212d8a0438f1d7638b5a4f3a53bfaaecbeb8594f80f7acef9c6b,Z:\ScanOriginal\2019-01-07 Market Data Assessment Methodology.pdf,pdf,447407,1687834821,2026-07-26 19:12:18,
04ddb00653d33effc97b3be4a274e207ca2bc134cf1defc5950e956ded987dbd,Z:\ScanOriginal\2019-10-15 UseCase-EquityDataMDS-v2-10.8.19.pdf,pdf,179779,1687834830,2026-07-26 19:12:18,
5701f4438dc25f1acca4bf7d5857b9cde1bffa78ade16fe54f7ef6150ff2d8fc,Z:\ScanOriginal\2023-06-16 20230629_202908_Raven_Scan.pdf,pdf,626996,1688084982,2026-07-26 19:12:18,
18bad576ef94b791aa35918ab11a01c20ee830274ff19637c6c3ba0955bac372,Z:\ScanOriginal\2023-06-26 20230706_202337_Raven_Scan.pdf,pdf,178801,1688689464,2026-07-26 19:12:18,
c115b327ddc99bb683a2cd6616847c45d807dbfc26e7933cf7bad19f9716255c,Z:\ScanOriginal\2021-03-01 20230706_202416_Raven_Scan.pdf,pdf,445391,1688689490,2026-07-26 19:12:18,
94b503794af0efecc4a9711eef02f9db2324e254c031561bf037f68b4dbec40a,Z:\ScanOriginal\2023-07-06 20230706_202437_Raven_Scan.pdf,pdf,911705,1688689508,2026-07-26 19:12:18,
cf818ce66dfa7b42c49d1b0c57579caa63b0d8a7c5e1ccf04fba9357e1f9ac2f,Z:\ScanOriginal\2023-07-06 20230706_202735_Raven_Scan.pdf,pdf,749111,1688689681,2026-07-26 19:12:18,
5fb681c199f65e460b6a40a81673c8c66664f94406e1f9adbb279853dee5b53a,Z:\ScanOriginal\1981-10-14 20230718_135933_Raven_Scan.pdf,pdf,180854,1689703212,2026-07-26 19:12:18,
e313af5a3d35cd13e15e0a8d8eb784c0fb721e218a082740c6ec36f661371ef0,Z:\ScanOriginal\2022-03-01 20230719_103046_Raven_Scan.pdf,pdf,689698,1689777081,2026-07-26 19:12:18,
1b216bd250c2dddf40c62ea637eb7fca1c0cfd01b7cc0abf0df65c58e4b86874,Z:\ScanOriginal\2023-07-20 2851275 Ontario Ltd Xiaoning Yang Void Bank Deposit Form.pdf,pdf,110986,1689888125,2026-07-26 19:12:18,
df68fb9dec93cc7ba5f475a1ee4895b9a550f5ea792b66696fc37a71e8b44b63,Z:\ScanOriginal\2023-07-21 20230721_140656_Raven_Scan.pdf,pdf,492032,1689962854,2026-07-26 19:12:18,
bd2b2b441b36088883997317d2c1011e20f68c76a5eb25ca69ed7a8bc9de5b9c,Z:\ScanOriginal\2023-07-20 20230731_210510_Raven_Scan.pdf,pdf,670826,1690851924,2026-07-26 19:12:18,
10a28812299a96b37370e38b0bb99f4aba49dfea2164d8f1a580966c8d2c01d7,Z:\ScanOriginal\2023-06-30 20230802_205246_Raven_Scan.pdf,pdf,532466,1691024043,2026-07-26 19:12:18,
0b7f2ba71d77718915d77da79c853b51cdacd5da86ebd7810c52a38f043ed3dc,Z:\ScanOriginal\2023-07-29 20230804_101711_Raven_Scan.pdf,pdf,120321,1691158643,2026-07-26 19:12:18,
30d9f608467282827a6997bdf0feb26f38d5b723261a87c9015d7e6a65042eb3,Z:\ScanOriginal\2023-08-11 Electronic Disclosures and Signatures Consent.pdf,pdf,197261,1691798044,2026-07-26 19:12:18,
378446610dc8c2245a29d01d3422246197f320c1cfe8bfdd3c49dbdf2e220d4c,Z:\ScanOriginal\2023-11-08 Aviva-Payment Form.pdf,pdf,125852,1691798044,2026-07-26 19:12:18,
916883dcacead1c2c0d9a86f4ac1e1d32b9e87c318e75cd8f81980fadf6a6628,Z:\ScanOriginal\2023-11-08 CHAT Consent Form - Revised 05052017.pdf,pdf,484098,1691798044,2026-07-26 19:12:18,
ba84a6fa1fc84ea3f9bb79ac4dc23c9ce18242cdf86bcc22018ce17d6a5b0659,Z:\ScanOriginal\2023-11-08 UNISGNED HOME CANCELLATION.pdf,pdf,55829,1691798044,2026-07-26 19:12:18,
eea5c89d714aef93ef312804efe37d06a4edad9ba89c2969c03b7a31bc60eb34,Z:\ScanOriginal\2023-11-08 UNSIGEND HABITATIONAL APPLICATION.pdf,pdf,181009,1691798044,2026-07-26 19:12:18,
c8d02cda7fc11bfb3d0363ab9fa5c5742c85fc37382a8ceba14aa56046575356,Z:\ScanOriginal\2023-08-14 7645260647c31a8ea6bce6714252dec3.pdf,pdf,993073,1692278830,2026-07-26 19:12:18,
65520530356db25117c4e9744360a3d7c6f1e21a6d4a2f9e78bb4f679e502864,Z:\ScanOriginal\2023-08-18 2510590OntarioIn_payStubs_20230731__65D5071E-DE7F-079F-C78E5D4A3175A741.pdf,pdf,29972,1692387971,2026-07-26 19:12:18,
ed13c4594da9a6396ebe1ef2e997df3c420d835284af0b729a0c945a35c0fae9,Z:\ScanOriginal\2023-07-17 20230820_095424_Raven_Scan.pdf,pdf,1589174,1692539703,2026-07-26 19:12:19,
91459ca92404ac809d25faec17fd08407651a4eeced7969bae1131d1c1d071d4,Z:\ScanOriginal\2023-11-09 20230820_095712_Raven_Scan.pdf,pdf,277418,1692539853,2026-07-26 19:12:19,
a99856e1358f0b258b7cab78d62074510d0899b759ab823a5149d14f6f29e2b5,Z:\ScanOriginal\2023-08-20 20230820_100717_Raven_Scan.pdf,pdf,1989966,1692540470,2026-07-26 19:12:19,
11f445881e9948d770069c5e0994f064de5fc11a4c54a49dd3753cd46db047f8,Z:\ScanOriginal\2023-08-20 20230820_104422_Raven_Scan.pdf,pdf,80640,1692542680,2026-07-26 19:12:19,
55167b88bc64c2e47930b498619b3d22daff543684594bf78f63b17a73987f48,Z:\ScanOriginal\2023-08-19 20230827_155647_Raven_Scan.pdf,pdf,313487,1693166223,2026-07-26 19:12:19,
91ff9e5865c64d2e913f043058aee37a45b1433bdacc1a211f889ec41b858bf0,Z:\ScanOriginal\2023-03-09 20230904_141641_Raven_Scan.pdf,pdf,595461,1693851415,2026-07-26 19:12:19,
158d8d79f30bb28a44a2818ef1c9a5ccf3dcb0476d9d3963985582576fa9ec83,Z:\ScanOriginal\2023-06-30 2851275 Ontario Ltd. Year end June 30 2023.pdf,pdf,162573,1694114280,2026-07-26 19:12:19,
8cf91ba68fd64e53fd64826b1285ac2aed51bfe7069749aad20d4720395efa1e,"Z:\ScanOriginal\2022-01-07 HST Payable _Jun.30,2023.pdf",pdf,5460,1694114400,2026-07-26 19:12:19,
f08d660a9f7eee41c908a113c8e1aa2b46c9177fd88617251bf30c06ccd86e37,Z:\ScanOriginal\2022-06-01 Invoice---2851275 Ontario  Inc June 2023.pdf,pdf,7374,1694114400,2026-07-26 19:12:19,
ea0ac7f1e9d6280fb719d3cfa2fe24019b83cc7093fcf560d91846739ab3fb4f,Z:\ScanOriginal\2023-09-07 2851275 Ontario Ltd. June 30 2023 - T183CORP.pdf,pdf,25434,1694114400,2026-07-26 19:12:19,
e066b153c7103dac0f2a239446c299faac47008ca3a63a992be6728fa85e7b91,Z:\ScanOriginal\2023-09-07 2851275 Ontario Ltd. Year 2023 tax instalment.pdf,pdf,8190,1694114400,2026-07-26 19:12:19,
c8758b80b0053eef71ff5c55f91f6511db785862c5e945dc511d58c7a2286eb4,Z:\ScanOriginal\2023-09-07 2851275 Ontario Ltd. June 30 2023 - T183CORP signed.pdf,pdf,358771,1694119358,2026-07-26 19:12:19,
086a756b4186af069eb4194047af7df5d3d7819e584bc48a1769eef407e5d8ff,Z:\ScanOriginal\2023-09-12 20230912_145658_Raven_Scan.pdf,pdf,622100,1694545049,2026-07-26 19:12:19,
4aaf88f382a46d8e786823d7b87d98bb834e83b887bd07df6160d9c81e475623,Z:\ScanOriginal\2023-09-13 ICoD Payment and Processing_ UPS - Canada.pdf,pdf,143774,1694627017,2026-07-26 19:12:19,
1cd283e65df47b61b8c93f7178f52d1e6a239750b86ddaf4a265f5381a41e652,Z:\ScanOriginal\1953-08-14 20230915_173307_Raven_Scan.pdf,pdf,5840175,1694813635,2026-07-26 19:12:19,
0982cbb6807633e60a435141bd1622fb4818f67f4d340542534e76d007caff84,Z:\ScanOriginal\2023-09-16 20230916_185807_Raven_Scan.pdf,pdf,107635,1694905134,2026-07-26 19:12:19,
0292105b31a8b991363d64983b236c9c88ba0dc4b1d8de31a948aaf1833488b6,Z:\ScanOriginal\2023-09-16 20230916_204744_Raven_Scan.pdf,pdf,1116554,1694911685,2026-07-26 19:12:19,
b8ced51a349d4d86781536abfc6ee093af7694e62fe8c716b65c169d2f998121,Z:\ScanOriginal\2023-07-18 20230921_161823_Raven_Scan.pdf,pdf,410839,1695327528,2026-07-26 19:12:19,
b05e6b6fca50655553b2ee270b87e0d3626b13c2a0d706899ff06f574713f57a,Z:\ScanOriginal\2023-03-12 Payment inlaw  407 ETR.pdf,pdf,90052,1701016245,2026-07-26 19:12:19,
20bdfebf1fbc0aedb9f4ab5fa0546fcaa308bae858ca0bd8e9374d6497f0c630,Z:\ScanOriginal\2023-12-09 Bank Account Details - RBC Online Banking.pdf,pdf,54763,1702157661,2026-07-26 19:12:19,
58285ece7ec2d5e7f1937cf8a17a32ddbe046f598c2187768d7bc91397a34152,"Z:\ScanOriginal\2024-02-04 LI-V910,345-7 Jan 2024 Xiaoning Statement.pdf",pdf,98053,1705082862,2026-07-26 19:12:19,
eb0836b408d3f432ee60bd52f25bdeddd050897992e73535a21edf1b01f3cb11,Z:\ScanOriginal\2024-02-05 20240326_225306_Raven_Scan.pdf-archive.pdf,pdf,82071,1711508007,2026-07-26 19:12:19,
df5af9c8b3bf15bc3ff515f5d00109446355c4a403ee8c60587290578c569716,"Z:\ScanOriginal\2023-06-26 GIRR Delta, Vega, and Curvature Capital.8.pdf-archive.pdf",pdf,444117,1711509440,2026-07-26 19:12:19,
7ff4b4eaae1aa03c010ebc337f3960e13c97bc730c9eb706cf9ed11ed13df787,Z:\ScanOriginal\2022-12-07 BP.pdf-archive.pdf,pdf,1136735,1711578357,2026-07-26 19:12:19,
cecfddeeadceb353a765f91c616ffd4b01b948f142e5261fc0014ea02fd00742,Z:\ScanOriginal\2024-03-20 20220827_123145_Raven_Scan.pdf-archive.pdf,pdf,321516,1711579721,2026-07-26 19:12:19,
cd04f49bc58ff473080232efefddb77cce566a7b81691f6abdc494b72d3b434a,Z:\ScanOriginal\2023-04-06 Chen Yang tax year 2022 Notice of assessment.pdf,pdf,160840,1712536830,2026-07-26 19:12:19,
e0abcad66bd3d619425109f88ae56ef72d8fb7d024c4362874c123936b2ba0e4,Z:\ScanOriginal\2024-04-08 Canadian  Direct Deposit Enrollment Information and Upload Task 2022.pdf,pdf,49557,1712581672,2026-07-26 19:12:19,
f1c92e728d4a933fa43d2d6ef486cb355975f879ae2166fb8c0430d81f7a4da6,Z:\ScanOriginal\2024-04-08 openDocument.pdf,pdf,509066,1712581693,2026-07-26 19:12:19,
22b5050eac9e11c3ea81e8102e1d8ddf7bd0c8f5209c1d69a0a07141511c4b38,Z:\ScanOriginal\2023-07-20 openDocument (1).pdf,pdf,117040,1712581715,2026-07-26 19:12:19,
de6025c006e45ec7ec652b9f19b9a3b7d1550a6a511e29127df61a3b9b9381f3,Z:\ScanOriginal\2024-04-08 openDocument (2).pdf,pdf,135187,1712581721,2026-07-26 19:12:19,
7ef12414d6b30ffed47ef08b3119f8f6e9f017b3aba81e657d29abbe16cc6be5,Z:\ScanOriginal\2023-12-07 openDocument (3).pdf,pdf,338082,1712581767,2026-07-26 19:12:19,
df3b92fd30ee6d943c9399d837614cc5eb92dad2b8a644bafc8266517c3ea98c,Z:\ScanOriginal\2024-01-03 openDocument (4).pdf,pdf,647413,1712581860,2026-07-26 19:12:19,
83fc22b2dbf86a9f0d5b8c5badedda02dde4f2b8578c219023100c801e8a8bb0,Z:\ScanOriginal\2024-04-08 openDocument.pdf-archive.pdf,pdf,365840,1712776702,2026-07-26 19:12:19,
75829227884c6e45af5b2b80a36fe563112a68c1f9b32e77e9b948ad80e9bc40,Z:\ScanOriginal\2023-04-01 T5_NR4 Package.pdf,pdf,317319,1713141412,2026-07-26 19:12:19,
2bf70eb74aa624a824fa6bb290154208b6b32bcf8a2873d547fa43404e6003f4,Z:\ScanOriginal\2024-04-14 Contribution Receipt.pdf,pdf,89492,1713141639,2026-07-26 19:12:19,
48029b45f1d3e2d6d27c01a70184d728699ecdca7003ec6811889caf252ebc3a,Z:\ScanOriginal\2024-04-14 Xiaoning_Yang_T1_2023.pdf,pdf,995659,1713142037,2026-07-26 19:12:19,
5bbbfb194c5c769f0213c05012311cce609212c89f9343f2c09ac76c1c58e885,Z:\ScanOriginal\2024-04-14 Yang_Chen_T1_2023.pdf,pdf,584523,1713142062,2026-07-26 19:12:19,
d1bc724c5f3574aa504bf8cb387954b480667c04ad75b1be385271bba8c873ce,Z:\ScanOriginal\2024-04-14 Contribution Receipt.pdf-archive.pdf,pdf,127338,1713142171,2026-07-26 19:12:19,
b8ba06e990db70a3e36ef6364939a7f897bf476885d050fcbf3bf82f26593537,Z:\ScanOriginal\1946-07-01 20240511_085944_Raven_Scan.pdf-archive.pdf,pdf,569120,1715432441,2026-07-26 19:12:19,
6ea740ba26575ca90ab4536217e4cd6bba64efc7b6b0d4e63af70f72e51fdab5,Z:\ScanOriginal\Certificate083171.pdf,pdf,86355,1743043911,2026-07-26 19:12:19,
c8c058b5b9d21118d5c545adf5397b932274ade594d4dd0d7bb7a0b52fe4e347,Z:\ScanOriginal\Notice_of_assessment_2025_05_26_06_47_33_243342.pdf,pdf,15935,1751824120,2026-07-26 19:12:19,
38da5651c505e19246d819599b1958e4f7c40530d9f053c60115b702acd9a8ef,Z:\ScanOriginal\Notice_of_assessment_2025_05_26_06_46_44_588551.pdf,pdf,15614,1751824299,2026-07-26 19:12:19,
9795d69a41fc8011449f01223c0ca3d3ac0df5e2704685d37bc2c18ae8daf4df,Z:\ScanOriginal\2025-08-13 Xiaoning Yang BloodTesting.pdf,pdf,936991,1755696692,2026-07-26 19:12:19,
bc4e064ff5b3b45cfdcbf1f0372174cca965c5de039ee6cea3e483eb70ba639f,Z:\ScanOriginal\Taste of Chang An Food_04082023_1032.89_206.58_OCR.pdf,pdf,32265,1760145945,2026-07-26 19:12:19,
7eda940d68c62b70a6d68b05c819603d3e31adbbe0b41737833a2ac7b88fabf1,Z:\ScanOriginal\2025-2026 term 1 report card Mia.pdf,pdf,1403315,1763083719,2026-07-26 19:12:19,
7478461b280123757ce1f36af7fb5d143efd4182e8b511cf52880fb2bb136e76,Z:\ScanOriginal\2025-12-08 12122025201823.pdf,pdf,1164923,1765673941,2026-07-26 19:12:19,
73177d0a8b1c95e0d7eb5f1c12378966a15f37f6a1be1312307f03c9307d1cbd,Z:\ScanOriginal\01272026.pdf,pdf,399459,1769558199,2026-07-26 19:12:19,
c8cde1d57e953233430b72fb2d61b554235ab23e47f866bec28b8f99e9561431,Z:\ScanOriginal\01272026_001.pdf,pdf,354456,1769558200,2026-07-26 19:12:19,
bb96dc3ce33beb8fa41664090b0a0fc8f2b6aa8ca05beb57ca10c587e8d8a4e6,Z:\ScanOriginal\01272026_OCR.pdf,pdf,137216,1769558286,2026-07-26 19:12:19,
84e225fe8ed4f104b55f768969ad831d788b1f6de7f0f1717490cd1a0aaa2275,Z:\ScanOriginal\01272026_001_OCR.pdf,pdf,119777,1769558287,2026-07-26 19:12:19,
765b94d7f9f79463c479a56e95aad3313143a78ccb4efed226dfaf5dc57abe5a,Z:\ScanOriginal\03222026130316.pdf,pdf,950735,1774199101,2026-07-26 19:12:19,
0e8be469982b45f5af6ee280ff9b8628badf403e8f9b51802429d1c88350652f,Z:\ScanOriginal\03222026193950.pdf,pdf,890378,1774222861,2026-07-26 19:12:19,
5fbd75dccb9121a07164a0cc72cf32a7dca72559efcb036b39461f3973e8fd0c,Z:\ScanOriginal\04052026174308.pdf,pdf,182726,1775425502,2026-07-26 19:12:19,
8ffa389d501369b7f4eab8402f902fb62309c0b0aabc83d8e08472cf4815f121,Z:\ScanOriginal\05012026164904.pdf,pdf,781893,1777668661,2026-07-26 19:12:19,
e265ea6929e07cb36d753985df097fc8eaba0bed05e336585ff26f53a9e5e860,Z:\ScanOriginal\05012026165000.pdf,pdf,1173815,1777668721,2026-07-26 19:12:19,
8af09ea0ce5451e67f0d88f0bbeafecf4946f2343deffbaed97e9c4c182276c1,Z:\ScanOriginal\05182026192209.pdf,pdf,979755,1779146641,2026-07-26 19:12:19,
c176d9011bb332de35f770b8c78c2258c7b241acaf1932904ee65c5ed6918972,Z:\ScanOriginal\index.md,md,4174,1781484178,2026-07-26 19:12:19,
f8ef9614ede4a8c408c9558e18ca1abde9cab4b306186e169011edb69e01f06f,Z:\ScanOriginal\log.md,md,1895,1781484182,2026-07-26 19:12:19,
3a7b67910b423178799f8398143d6f2ae4926827f1cd06c874c9255c5afecc55,Z:\ScanOriginal\hot.md,md,2574,1781484193,2026-07-26 19:12:19,
1f1bae8af21e5d79a7f8bcaf10bcfd0c43ecc28391d70ad1a8c9e808c1b118ef,Z:\ScanOriginal\06202026181256.pdf,pdf,399598,1781993641,2026-07-26 19:12:19,
59742527a051f84b2b64dafb04556a903339f650c18ca53eb952aa6810ac8988,Z:\ScanOriginal\06202026181511.pdf,pdf,795017,1781993821,2026-07-26 19:12:19,
d799f7e4a98540e0bad01023f890c1b53c514b264f789bff5303b577e5dc394e,Z:\ScanOriginal\06202026181743.pdf,pdf,986702,1781993941,2026-07-26 19:12:19,
697d1a19bfcca337d05768ab5971d25b3fd04524babed20e38b68130537eaecc,Z:\ScanOriginal\06202026182020.pdf,pdf,829765,1781994121,2026-07-26 19:12:19,
71e79b62dec6937f059c206c47aaa6212b75113ff64c3e7cf970c93f7f1d7d6e,Z:\ScanOriginal\06202026182145.pdf,pdf,754873,1781994181,2026-07-26 19:12:19,
84864a15b89c5ec4c3cf8a5388fdfd351d4060eca64f580d3bad1dcd86c55a39,Z:\ScanOriginal\06202026182254.pdf,pdf,1005970,1781994241,2026-07-26 19:12:19,
0e18b756ee671a151907787f62db63aa29d4c8235797c3ab38c220d6ec9ff4fa,Z:\ScanOriginal\06272026223601.pdf,pdf,590491,1782614221,2026-07-26 19:12:19,
2a00d1fd69e1cf27422f16ac6c7129bdaa14c8c271a00d7d87ec0cecbfbe92f3,Z:\ScanOriginal\06272026223610.pdf,pdf,202390,1782614281,2026-07-26 19:12:19,
